X,Y,Index_,ACCNUM,YEAR,DATE,TIME,Hour,STREET1,STREET2,OFFSET,ROAD_CLASS,District,LATITUDE,LONGITUDE,LOCCOORD,ACCLOC,TRAFFCTL,VISIBILITY,LIGHT,RDSFCOND,ACCLASS,IMPACTYPE,INVTYPE,INVAGE,INJURY,FATAL_NO,INITDIR,VEHTYPE,MANOEUVER,DRIVACT,DRIVCOND,PEDTYPE,PEDACT,PEDCOND,CYCLISTYPE,CYCACT,CYCCOND,PEDESTRIAN,CYCLIST,AUTOMOBILE,MOTORCYCLE,TRUCK,TRSN_CITY_VEH,EMERG_VEH,PASSENGER,SPEEDING,AG_DRIV,REDLIGHT,ALCOHOL,DISABILITY,Division,Ward_Name,Ward_ID,Hood_ID,Hood_Name,ObjectId
-79.520046,43.633887,80948658,8001386062,2018,2018-07-29T04:00:00.000Z,1029,10,144 NORSEMAN ST, , ,Collector,Etobicoke York,43.633887,-79.520046,Mid-Block,Non Intersection,No Control,Clear,Daylight,Dry,Fatal,SMV Other,Motorcycle Driver,45 to 49,Fatal,38,East,Motorcycle,Going Ahead,Lost control,Unknown, , , , , , , , , ,Yes, ,, , , , , , , ,22,,,14,,112
-79.521175,43.599963,80485310,6000188538,2016,2016-02-01T05:00:00.000Z,1033,10,BIRMINGHAM ST,TWENTY FIRST ST, ,Collector,Etobicoke York,43.599963,-79.521175,Intersection, ,Pedestrian Crossover,Clear,Daylight,Dry,Fatal,Sideswipe,Driver,85 to 89,Fatal,9,West,"Automobile, Station Wagon",Going Ahead,Lost control,Unknown, , , , , , , , ,Yes, , ,, , ,Yes,Yes, , , ,22,,,18,,113
-79.435138,43.633349,80488952,5001538313,2015,2015-09-06T04:00:00.000Z,1034,10,LAKE SHORE BLVD W,JAMESON AVE,1 m West of,Expressway,Toronto and East York,43.633349,-79.435138,Mid-Block,Non Intersection,No Control,Clear,Daylight,Dry,Fatal,SMV Other,Motorcycle Driver,55 to 59,Fatal,42,East,Motorcycle,Going Ahead,Lost control,Unknown, , , , , , , , , ,Yes, ,, , , , , , , ,14,,,85,,114
-79.38669,43.699245,5391374,1052382,2008,2008-08-09T04:00:00.000Z,1035,10,BALLIOL ST,MOUNT PLEASANT RD, ,Major Arterial,Toronto and East York,43.699245,-79.38669,Intersection,At Intersection,Stop Sign,Clear,Daylight,Dry,Fatal,Pedestrian Collisions,Pedestrian,80 to 84,Fatal,35,North,Other, , , ,Vehicle turns left while ped crosses with ROW at inter.,Crossing with right of way,Normal, , , ,Yes, ,Yes, ,Yes,, ,Yes, ,Yes, , , ,53,,,99,,115
-79.479152,43.669959,80565309,6001731128,2016,2016-09-29T04:00:00.000Z,1040,10,2336 ST CLAIR AVE W, , ,Major Arterial,Etobicoke York,43.669959,-79.479152,Mid-Block,Non Intersection,No Control,Rain,Daylight,Wet,Fatal,Sideswipe,Driver,70 to 74,Fatal,58,West,"Automobile, Station Wagon",Going Ahead,Driving Properly,Normal, , , , , , , , ,Yes, , ,, ,Yes,Yes,Yes, , , ,"12,11",,,90,,116
-79.270191,43.711943,7780425,1338700,2013,2013-02-02T05:00:00.000Z,1041,10,550 BIRCHMOUNT RD, , ,Minor Arterial,Scarborough,43.711943,-79.270191,Mid-Block, ,No Control,Snow,Daylight,Wet,Fatal,Pedestrian Collisions,Pedestrian,65 to 69,Fatal,4,South, , , , ,Pedestrian hit at private driveway,Crossing with right of way,Normal, , , ,Yes, ,Yes, , ,, , , ,Yes, , , ,41,,,120,,117
-79.46319,43.674045,5228974,1099856,2009,2009-04-17T04:00:00.000Z,1045,10,TOWNSLEY ST,OLD WESTON RD, ,Minor Arterial,Toronto and East York,43.674045,-79.46319,Intersection, ,Stop Sign,Clear,Daylight,Dry,Fatal,Pedestrian Collisions,Pedestrian,65 to 69,Fatal,12,North,Other, , , ,Vehicle is reversing and hits pedestrian,Other,Normal, , , ,Yes, ,Yes, , ,, , , , , , , ,12,,,91,,118
-79.433688,43.649745,7781197,1339180,2013,2013-02-06T05:00:00.000Z,1045,10,DUNDAS ST W,SHERIDAN AVE, ,Minor Arterial,Toronto and East York,43.649745,-79.433688,Intersection,At Intersection,Traffic Signal,Clear,Daylight,Dry,Fatal,Pedestrian Collisions,Pedestrian,80 to 84,Fatal,5,North, , , , ,Vehicle is going straight thru inter.while ped cross without ROW,Crossing without right of way,Unknown, , , ,Yes, , , ,Yes,, , , , , , , ,11,,,84,,119
-79.351352,43.662455,7868316,1377536,2013,2013-09-26T04:00:00.000Z,1050,10,BROADVIEW AVE,DUNDAS ST E, ,Major Arterial,Toronto and East York,43.662455,-79.351352,Intersection, ,Traffic Signal,Clear,Daylight,Dry,Fatal,Pedestrian Collisions,Pedestrian,90 to 94,Fatal,43,North, , , , ,Vehicle turns left while ped crosses with ROW at inter.,Crossing with right of way,Normal, , , ,Yes, ,Yes, , ,, , , ,Yes, , , ,55,,,70,,120
-79.260021,43.734023,80757181,7001287888,2017,2017-07-18T04:00:00.000Z,1054,10,EGLINTON AVE E,MIDLAND AVE,150 m West of,Major Arterial,Scarborough,43.734023,-79.260021,Mid-Block,Non Intersection,No Control,Clear,Daylight,Dry,Fatal,Pedestrian Collisions,Pedestrian,70 to 74,Fatal,30,Unknown, , , , ,Pedestrian involved in a collision with transit vehicle anywhere along roadway,Person Getting on/off Vehicle,Normal, , , ,Yes, , , , ,, , , , , , , ,41,,,124,,121
-79.39729,43.650945,6254162,1189134,2010,2010-09-14T04:00:00.000Z,1055,10,SPADINA AVE,SULLIVAN ST, ,Major Arterial,Toronto and East York,43.650945,-79.39729,Intersection, ,No Control,Clear,Daylight,Dry,Fatal,Pedestrian Collisions,Pedestrian,80 to 84,Fatal,30,West,Other, , , ,Pedestrian involved in a collision with transit vehicle anywhere along roadway,"Crossing, no Traffic Control",Unknown, , , ,Yes, , , , ,, , , , , , , ,"14,52",,,78,,122
-79.257686,43.809844,7853346,1371107,2013,2013-08-18T04:00:00.000Z,1055,10,FINCH Ave E,MIDDLEFIELD Rd, ,Major Arterial,Scarborough,43.809844,-79.257686,Intersection,At Intersection,Traffic Signal,Clear,Daylight,Dry,Fatal,Pedestrian Collisions,Pedestrian,80 to 84,Fatal,32,North, , , , ,Vehicle is going straight thru inter.while ped cross without ROW,Crossing marked crosswalk without ROW,Inattentive, , , ,Yes, ,Yes, , ,, , , , , , , ,42,,,129,,123
-79.243045,43.720442,80781222,7001544325,2017,2017-08-26T04:00:00.000Z,1055,10,3738 ST CLAIR AVE E, , ,Minor Arterial,Scarborough,43.720442,-79.243045,Mid-Block,Non Intersection,No Control,Clear,Daylight,Dry,Fatal,SMV Other,Driver,30 to 34,Fatal,37,East,"Automobile, Station Wagon",Going Ahead,Lost control,"Ability Impaired, Drugs", , , , , , , , ,Yes, , ,, , ,Yes,Yes, , , ,41,,,123,,124
-79.458873,43.73202,80741712,7000637893,2017,2017-04-11T04:00:00.000Z,1056,10,WILSON AVE,DUFFERIN ST,10 m west,Major Arterial,North York,43.73202,-79.458873,Intersection,At Intersection,Traffic Signal,Clear,Daylight,Dry,Fatal,Pedestrian Collisions,Pedestrian,50 to 54,Fatal,16,East, , , , ,Vehicle turns right while ped crosses with ROW at inter.,Crossing with right of way,Normal, , , ,Yes, , , ,Yes,, , , ,Yes, , , ,32,,,33,,125
-79.25436,43.735331,80565364,6001750735,2016,2016-10-02T04:00:00.000Z,1058,10,EGLINTON AVE E,WINTER AVE, ,Major Arterial,Scarborough,43.735331,-79.25436,Intersection,Intersection Related,Stop Sign,Clear,Daylight,Dry,Fatal,Pedestrian Collisions,Pedestrian,80 to 84,Fatal,60,South, , , , ,Vehicle turns left while ped crosses without ROW at inter.,Crossing without right of way,Medical or Physical Disability, , , ,Yes, ,Yes, , ,, ,Yes, , , , , ,41,,,124,,126
-79.503444,43.701564,80495064,5002147377,2015,2015-12-15T05:00:00.000Z,1100,11,JANE ST,SPEERS AVE, ,Major Arterial,Etobicoke York,43.701564,-79.503444,Intersection,At Intersection,No Control,Clear,Daylight,Dry,Fatal,Turning Movement,Passenger,80 to 84,Fatal,63, , , , , , , , , , , , , ,Yes, , ,, ,Yes, , , , , ,12,,,30,,127
-79.430972,43.674712,80565929,6001813893,2016,2016-10-12T04:00:00.000Z,1109,11,DAVENPORT RD,OSSINGTON AVE, ,Minor Arterial,Toronto and East York,43.674712,-79.430972,Intersection,Intersection Related,Traffic Signal,Clear,Daylight,Dry,Fatal,Pedestrian Collisions,Pedestrian,Over 95,Fatal,64,North, , , , ,Vehicle turns left while ped crosses with ROW at inter.,Crossing with right of way,Normal, , , ,Yes, ,Yes, , ,, , , ,Yes, , , ,13,,,94,,128
-79.46599,43.734645,5397763,1055195,2008,2008-08-26T04:00:00.000Z,1111,11,PLEWES RD,ANCASTER RD, ,Collector,North York,43.734645,-79.46599,Mid-Block, ,No Control,Clear,Daylight,Dry,Fatal,Pedestrian Collisions,Pedestrian,75 to 79,Fatal,37,South,Other, , , ,Vehicle is reversing and hits pedestrian,Other,Unknown, , , ,Yes, ,Yes, , ,, , , , , , , ,32,,,26,,129
-79.36239,43.682345,6698092,1263764,2011,2011-11-10T05:00:00.000Z,1111,11,DON VALLEY PARKWAY  S,BAYVIEW BLOOR DVP RAMP, ,Expressway,Toronto and East York,43.682345,-79.36239,Mid-Block, ,No Control,Clear,Daylight,Dry,Fatal,SMV Other,Driver,75 to 79,Fatal,31,South,"Automobile, Station Wagon",Going Ahead,Lost control,Medical or Physical Disability, , , , , , , , ,Yes, , ,, ,Yes,Yes,Yes, , ,Yes,54,,,57,,130
-79.258098,43.734519,80565835,6001813950,2016,2016-10-12T04:00:00.000Z,1117,11,EGLINTON AVE E,MIDLAND AVE, ,Major Arterial,Scarborough,43.734519,-79.258098,Intersection,Intersection Related,Traffic Signal,Clear,Daylight,Dry,Fatal,Pedestrian Collisions,Pedestrian,40 to 44,Fatal,63,Unknown, , , , ,Pedestrian hit at mid-block,Playing or Working on Highway,Normal, , , ,Yes, ,Yes, , ,, , ,Yes,Yes,Yes, , ,41,,,124,,131
-79.565257,43.737166,80545164,6001174210,2016,2016-07-05T04:00:00.000Z,1120,11,ALBION RD,ISLINGTON AVE, ,Major Arterial,Etobicoke York,43.737166,-79.565257,Intersection,At Intersection,Traffic Signal,Clear,Daylight,Dry,Fatal,Pedestrian Collisions,Pedestrian,55 to 59,Fatal,43,North, , , , ,Pedestrian hit at mid-block,"Crossing, no Traffic Control",Inattentive, , , ,Yes, ,Yes, , ,, , , , , , , ,23,,,3,,132
-79.50859,43.720945,5292071,1127576,2009,2009-09-29T04:00:00.000Z,1122,11,JANE ST,WILSON AVE, ,Major Arterial,North York,43.720945,-79.50859,Intersection,At Intersection,Traffic Signal,Rain,Daylight,Wet,Fatal,Pedestrian Collisions,Pedestrian,85 to 89,Fatal,30,East,Other, , , ,Pedestrian hit on sidewalk or shoulder,On Sidewalk or Shoulder,Medical or Physical Disability, , , ,Yes, , , ,Yes,, , , , , , , ,31,,,26,,133
-79.336467,43.816844,80500626,6000080482,2016,2016-01-14T05:00:00.000Z,1129,11,STEELES AVE E,PHARMACY AVE, ,Major Arterial,Scarborough,43.816844,-79.336467,Intersection,At Intersection,Traffic Signal,Clear,Daylight,Wet,Fatal,Turning Movement,Driver,35 to 39,Fatal,3,West,"Automobile, Station Wagon",Turning Left,Failed to Yield Right of Way,Unknown, , , , , , , , ,Yes, ,Yes,, , , ,Yes, , , ,42,,,116,,134
-79.428958,43.649501,80781642,7001542101,2017,2017-08-25T04:00:00.000Z,1130,11,DUNDAS ST W,GLADSTONE AVE,60 m East of,Minor Arterial,Toronto and East York,43.649501,-79.428958,Mid-Block,Non Intersection,No Control,Clear,Dark,Dry,Fatal,Pedestrian Collisions,Pedestrian,30 to 34,Fatal,39,North, , , , ,Pedestrian hit at mid-block,Running onto Roadway,Had Been Drinking, , , ,Yes, ,Yes, , ,, , , , , , , ,14,,,84,,135
-79.35889,43.676145,6099390,1149291,2010,2010-01-22T05:00:00.000Z,1132,11,DANFORTH AVE,BROADVIEW AVE, ,Major Arterial,Toronto and East York,43.676145,-79.35889,Intersection,At Intersection,Traffic Signal,Clear,Daylight,Dry,Fatal,Pedestrian Collisions,Pedestrian,55 to 59,Fatal,6,East,Other, , , ,Vehicle turns right while ped crosses with ROW at inter.,Crossing with right of way,Normal, , , ,Yes, , , ,Yes,, , , ,Yes, , , ,"54,55",,,68,,136
-79.267993,43.832644,7851061,1370122,2013,2013-08-13T04:00:00.000Z,1133,11,STEELES AVE E,MIDDLEFIELD RD, ,Major Arterial,Scarborough,43.832644,-79.267993,Intersection,At Intersection,Traffic Signal,Clear,Daylight,Dry,Fatal,Pedestrian Collisions,Passenger,50 to 54,Fatal,30, , , , , , , , , , , ,Yes, , , ,Yes,, ,Yes,Yes,Yes, , , ,42,,,130,,137
-79.44299,43.650645,6805913,1263147,2011,2011-11-07T05:00:00.000Z,1134,11,DUNDAS ST W,STERLING RD, ,Minor Arterial,Toronto and East York,43.650645,-79.44299,Intersection,At Intersection,Stop Sign,Clear,Daylight,Dry,Fatal,Cyclist Collisions,Cyclist,35 to 39,Fatal,30,South,Bicycle,Turning Right, , , , , ,"Motorist turns right at non-signal Inter.(stop, yield, no cont.,and dwy) and strikes cyclist.",Improper Turn,Unknown, ,Yes, , ,Yes,, , , , , , , ,11,,,84,,138
-79.251254,43.706267,80756966,7000983227,2017,2017-06-03T04:00:00.000Z,1134,11,RIDGEMOOR AVE,KINGSTON RD, ,Major Arterial,Scarborough,43.706267,-79.251254,Intersection,At Intersection,Traffic Signal,Clear,Daylight,Dry,Fatal,Pedestrian Collisions,Pedestrian,70 to 74,Fatal,26,Unknown, , , , ,Vehicle turns left while ped crosses with ROW at inter.,Crossing with right of way,Normal, , , ,Yes, ,Yes, , ,, , , ,Yes, , , ,41,,,122,,139
-79.44589,43.792345,6804645,1241204,2011,2011-06-29T04:00:00.000Z,1135,11,STEELES AVE W,BATHURST ST, ,Major Arterial,North York,43.792345,-79.44589,Intersection, ,No Control,Clear,Daylight,Dry,Fatal,Pedestrian Collisions,Pedestrian,85 to 89,Fatal,11,East,Other, , , ,Pedestrian hit on sidewalk or shoulder,On Sidewalk or Shoulder,Normal, , , ,Yes, ,Yes, , ,, , , , , , ,Yes,32,,,35,,140
-79.311122,43.758727,80741778,7000861875,2017,2017-05-16T04:00:00.000Z,1135,11,95 ELLESMERE RD, , ,Major Arterial,Scarborough,43.758727,-79.311122,Mid-Block,Non Intersection,No Control,Clear,Daylight,Dry,Fatal,SMV Other,Driver,80 to 84,Fatal,23,East,"Automobile, Station Wagon",Going Ahead,Lost control,Medical or Physical Disability, , , , , , , , ,Yes, , ,, , , , , , ,Yes,41,,,119,,141
-79.44189,43.650445,6142299,1168396,2010,2010-05-13T04:00:00.000Z,1136,11,DUNDAS ST W,COLLEGE ST, ,Minor Arterial,Toronto and East York,43.650445,-79.44189,Mid-Block, ,No Control,Clear,Daylight,Dry,Fatal,Pedestrian Collisions,Pedestrian,65 to 69,Fatal,18,North,Other, , , ,Pedestrian hit at mid-block,"Crossing, no Traffic Control",Normal, , , ,Yes, ,Yes, , ,, , , , , , , ,11,,,83,,142
-79.479564,43.715346,80246780,5001332825,2015,2015-08-04T04:00:00.000Z,1136,11,KEELE STREET,MAPLE LEAF DRIVE,40 m North of,Major Arterial,Etobicoke York,43.715346,-79.479564,Mid-Block,Non Intersection,No Control,Clear,Daylight,Dry,Fatal,Sideswipe,Driver,85 to 89,Fatal,37,North,"Automobile, Station Wagon",Going Ahead,Lost control,Normal, , , , , , , , ,Yes, ,Yes,, ,Yes, , , , , ,12,,,29,,143
-79.31589,43.692745,5807668,1114902,2009,2009-07-18T04:00:00.000Z,1137,11,WOODBINE AVE,MORTIMER AVE, ,Major Arterial,Toronto and East York,43.692745,-79.31589,Intersection,At Intersection,Traffic Signal,Clear,Daylight,Dry,Fatal,Pedestrian Collisions,Pedestrian,85 to 89,Fatal,20,West,Other, , , ,Vehicle is going straight thru inter.while ped cross without ROW,Crossing without right of way,Inattentive, , , ,Yes, ,Yes, , ,, ,Yes, , , , , ,54,,,59,,144
-79.422664,43.654326,80790888,7003233329,2017,2017-12-20T05:00:00.000Z,1139,11,COLLEGE ST,OSSINGTON AVE, ,Major Arterial,Toronto and East York,43.654326,-79.422664,Intersection,At Intersection,Traffic Signal,Other,Daylight,Other,Fatal,Cyclist Collisions,Cyclist,45 to 49,Fatal,60,West,Bicycle,Other, , , , , ,Insufficient information (to determine cyclist crash type).,Driving Properly,Other, ,Yes, , ,Yes,, , , , , , , ,14,,,81,,145
-79.402095,43.663043,80000019,130927832,2013,2013-11-07T05:00:00.000Z,1141,11,HARBORD ST,SPADINA AVE, ,Major Arterial,Toronto and East York,43.663043,-79.402095,Intersection, ,Traffic Signal,Clear,Daylight,Dry,Fatal,Pedestrian Collisions,Pedestrian,60 to 64,Fatal,51,South, , , , ,Vehicle is going straight thru inter.while ped cross with ROW,Crossing with right of way,Unknown, , , ,Yes, , , , ,, , , ,Yes, , , ,"14,52",,,79,,146
-79.382091,43.649542,80792943,8000026643,2018,2018-01-05T05:00:00.000Z,1145,11,SHEPPARD ST,ADELAIDE ST W, ,Major Arterial,Toronto and East York,43.649542,-79.382091,Intersection,At Intersection,Traffic Signal,Other,Daylight,Other,Fatal,Pedestrian Collisions,Pedestrian,85 to 89,Fatal,6,North, , , , ,Vehicle turns left while ped crosses with ROW at inter.,Crossing with right of way,Unknown, , , ,Yes, ,Yes, , ,, , , ,Yes, , , ,52,,,76,,147
-79.322238,43.775355,80789133,7003060621,2017,2017-11-24T05:00:00.000Z,1148,11,SHEPPARD AVE E,VICTORIA PARK AVE, ,Major Arterial,Scarborough,43.775355,-79.322238,Mid-Block,Non Intersection,No Control,Clear,Daylight,Dry,Fatal,Pedestrian Collisions,Pedestrian,70 to 74,Fatal,54,South,Passenger Van, , , ,Pedestrian hit at mid-block,"Crossing, no Traffic Control",Unknown, , , ,Yes, ,Yes, ,Yes,, , , , , , , ,42,,,118,,148
-79.40669,43.744145,6167895,1179891,2010,2010-07-29T04:00:00.000Z,1149,11,YONGE ST,YORK MILLS RD, ,Major Arterial,North York,43.744145,-79.40669,Intersection, ,Traffic Signal,Clear,Daylight,Dry,Fatal,Angle,Driver,85 to 89,Fatal,28,South,"Automobile, Station Wagon",Going Ahead,Disobeyed Traffic Control,Normal, , , , , , , , ,Yes, , ,, , , ,Yes,Yes, , ,32,,,40,,149
-79.324542,43.81428,80793624,8000148881,2018,2018-01-24T05:00:00.000Z,1150,11,WARDEN AVE,BAMBURGH CRCL,195 m South,Major Arterial,Scarborough,43.81428,-79.324542,Mid-Block,Non Intersection,Traffic Signal,Clear,Daylight,Dry,Fatal,Pedestrian Collisions,Pedestrian,60 to 64,Fatal,8,West, , , , ,Vehicle is going straight thru inter.while ped cross with ROW,Crossing with right of way,Normal, , , ,Yes, ,Yes, , ,, , , ,Yes,Yes, , ,42,,,116,,150
-79.54319,43.621845,6607902,1224921,2011,2011-03-28T04:00:00.000Z,1152,11,NORTH QUEEN ST,ATOMIC AVE, ,Minor Arterial,Etobicoke York,43.621845,-79.54319,Mid-Block, ,No Control,Clear,Daylight,Dry,Fatal,Approaching,Driver,70 to 74,Fatal,7,West,"Automobile, Station Wagon",Going Ahead,Lost control,Unknown, , , , , , , , ,Yes, ,Yes,, , , , , , , ,22,,,14,,151
-79.341022,43.756446,80565388,6001807391,2016,2016-10-11T04:00:00.000Z,1152,11,8 SILVERDALE CRES, , ,Collector,North York,43.756446,-79.341022,Mid-Block,At/Near Private Drive,No Control,Clear,Daylight,Dry,Fatal,Pedestrian Collisions,Pedestrian,80 to 84,Fatal,62,South, , , , ,Pedestrian hit on sidewalk or shoulder,On Sidewalk or Shoulder,Normal, , , ,Yes, ,Yes, , ,, , , , , , , ,33,,,45,,152
-79.53989,43.698545,6661465,1247862,2011,2011-08-07T04:00:00.000Z,1154,11,DIXON RD,GOLFWOOD HTS Heig, ,Major Arterial,Etobicoke York,43.698545,-79.53989,Intersection,At Intersection,Traffic Signal,Clear,Daylight,Dry,Fatal,Turning Movement,Motorcycle Driver,30 to 34,Fatal,17,West,Motorcycle,Going Ahead,Exceeding Speed Limit,Normal, , , , , , , , ,Yes,Yes, ,, , ,Yes,Yes, , , ,23,,,6,,153
-79.507747,43.648158,80566416,6001974222,2016,2016-11-06T04:00:00.000Z,1155,11,BLOOR ST W,GRENVIEW BLVD N, ,Major Arterial,Etobicoke York,43.648158,-79.507747,Intersection,At Intersection,Stop Sign,Clear,Daylight,Dry,Fatal,Pedestrian Collisions,Pedestrian,Over 95,Fatal,70,East, , , , ,Vehicle turns right while ped crosses with ROW at inter.,Crossing with right of way,Other, , , ,Yes, ,Yes, , ,, , , ,Yes, , , ,22,,,16,,154
-79.409702,43.781047,80000036,142588079,2014,2014-07-28T04:00:00.000Z,1200,12,DUDLEY AVE,FINCH AVE E, ,Major Arterial,North York,43.781047,-79.409702,Intersection, ,Stop Sign,Clear,Daylight,Dry,Fatal,Turning Movement,Driver,90 to 94,Fatal,17,North,"Automobile, Station Wagon",Turning Left,Disobeyed Traffic Control,Unknown, , , , , , , , ,Yes, , ,, ,Yes, ,Yes, , , ,32,,,51,,155
-79.39919,43.655845,5807804,1122417,2009,2009-09-01T04:00:00.000Z,1203,12,SPADINA AVE,NASSAU ST, ,Major Arterial,Toronto and East York,43.655845,-79.39919,Intersection, ,Traffic Signal,Clear,Daylight,Dry,Fatal,Cyclist Collisions,Cyclist,65 to 69,Fatal,25,South,Bicycle,Turning Left, , , , , ,Cyclist turned left across motorists path.,Disobeyed Traffic Control,Normal, ,Yes, , , ,, , , , , , , ,"14,52",,,78,,156
-79.19929,43.800745,7514329,1289974,2012,2012-04-19T04:00:00.000Z,1203,12,MORNINGSIDE AVE,MILNER AVE, ,Major Arterial,Scarborough,43.800745,-79.19929,Mid-Block, ,No Control,Clear,Daylight,Dry,Fatal,SMV Other,Driver,50 to 54,Fatal,10,North,"Automobile, Station Wagon",Going Ahead,Other,Unknown, , , , , , , , ,Yes, , ,, , , , , , , ,42,,,132,,157
-79.399799,43.667445,80944450,8001064286,2018,2018-06-12T04:00:00.000Z,1204,12,ST GEORGE ST,BLOOR ST W, ,Major Arterial,Toronto and East York,43.667445,-79.399799,Intersection,At Intersection,Traffic Signal,Clear,Daylight,Dry,Fatal,Cyclist Collisions,Cyclist,55 to 59,Fatal,32,South,Bicycle,Going Ahead, , , , , ,Motorist turning right on green or amber at signalized intersection strikes cyclist.,Other,Unknown, ,Yes, , ,Yes,, , , , , , , ,"53,52",,,79,,158
-79.38129,43.732985,80488161,5001407837,2015,2015-08-16T04:00:00.000Z,1210,12,2350 BAYVIEW AVE, , ,Major Arterial,North York,43.732985,-79.38129,Intersection,Intersection Related,Traffic Signal,Clear,Daylight,Dry,Fatal,Turning Movement,Driver,85 to 89,Fatal,40,South,"Automobile, Station Wagon",Going Ahead,Disobeyed Traffic Control,Inattentive, , , , , , , , ,Yes, , ,, , , ,Yes,Yes, , ,"33,32",,,41,,159
-79.40327,43.707171,81070509,7003087545,2017,2017-11-28T05:00:00.000Z,1212,12,EDITH DR,ORCHARD VIEW BLVD, ,Collector,North York,43.707171,-79.40327,Intersection,At Intersection,Stop Sign,Clear,Daylight,Dry,Fatal,Pedestrian Collisions,Pedestrian,80 to 84,Fatal,56,East, , , , ,Vehicle turns left while ped crosses with ROW at inter.,Crossing with right of way,Unknown, , , ,Yes, ,Yes, , ,, , , ,Yes, , , ,53,,,100,,160
-79.53269,43.696145,6653163,1244328,2011,2011-07-16T04:00:00.000Z,1215,12,LAWRENCE AVE W,ROYAL YORK RD, ,Minor Arterial,Etobicoke York,43.696145,-79.53269,Intersection,At Intersection,Traffic Signal,Clear,Daylight,Dry,Fatal,SMV Other,Passenger,70 to 74,Fatal,14, ,Other, , , , , , , , , , , ,Yes, , ,, ,Yes, , , , , ,23,,,8,,161
-79.426227,43.663294,80973936,8001923925,2018,2018-10-18T04:00:00.000Z,1217,12,OSSINGTON AVE,NORTHUMBERLAND ST, ,Minor Arterial,Toronto and East York,43.663294,-79.426227,Mid-Block,Non Intersection,No Control,Clear,Daylight,Dry,Fatal,Pedestrian Collisions,Pedestrian,Over 95,Fatal,56,East,Other, , , ,Pedestrian hit at mid-block,Coming From Behind Parked Vehicle,Inattentive, , , ,Yes, ,Yes, , ,, , , ,Yes, , , ,14,,,93,,162
-79.491092,43.724532,80875566,8000565585,2018,2018-03-29T04:00:00.000Z,1221,12,WILSON AVE,JULIAN RD, ,Major Arterial,North York,43.724532,-79.491092,Intersection,Intersection Related,Traffic Signal,Rain,Daylight,Wet,Fatal,Pedestrian Collisions,Pedestrian,75 to 79,Fatal,18,North, , , , ,Vehicle is going straight thru inter.while ped cross without ROW,"Crossing, no Traffic Control",Inattentive, , , ,Yes, ,Yes, , ,, ,Yes, , , , , ,31,,,26,,163
-79.59679,43.720045,7446417,1307456,2012,2012-07-28T04:00:00.000Z,1224,12,HIGHWAY 27  N,HARNESS RD, ,Major Arterial,Etobicoke York,43.720045,-79.59679,Intersection, ,No Control,Clear,Daylight,Dry,Fatal,Pedestrian Collisions,Pedestrian,60 to 64,Fatal,22,West,Other, , , ,Pedestrian hit at mid-block,"Crossing, no Traffic Control",Unknown, , , ,Yes, ,Yes, , ,, , , , , , , ,23,,,1,,164
-79.422359,43.778243,80546835,6001376721,2016,2016-08-05T04:00:00.000Z,1225,12,FINCH AVE W,TALBOT RD,40 m East,Major Arterial,North York,43.778243,-79.422359,Mid-Block,Non Intersection,No Control,Clear,Daylight,Dry,Fatal,Pedestrian Collisions,Pedestrian,80 to 84,Fatal,50,North, , , , ,Pedestrian hit at mid-block,"Crossing, no Traffic Control",Inattentive, , , ,Yes, ,Yes, , ,, , , , , , , ,32,,,37,,165
-79.405887,43.740344,7819564,1356635,2013,2013-05-16T04:00:00.000Z,1231,12,MILL ST,YONGE ST, ,Major Arterial,North York,43.740344,-79.405887,Intersection,At Intersection,Traffic Signal,Clear,Daylight,Dry,Fatal,Pedestrian Collisions,Pedestrian,90 to 94,Fatal,15,South, , , , ,Vehicle turns right while ped crosses with ROW at inter.,Crossing with right of way,Normal, , , ,Yes, ,Yes, , ,, , , ,Yes,Yes, , ,32,,,41,,166