X,Y,Index_,ACCNUM,YEAR,DATE,TIME,Hour,STREET1,STREET2,OFFSET,ROAD_CLASS,District,LATITUDE,LONGITUDE,LOCCOORD,ACCLOC,TRAFFCTL,VISIBILITY,LIGHT,RDSFCOND,ACCLASS,IMPACTYPE,INVTYPE,INVAGE,INJURY,FATAL_NO,INITDIR,VEHTYPE,MANOEUVER,DRIVACT,DRIVCOND,PEDTYPE,PEDACT,PEDCOND,CYCLISTYPE,CYCACT,CYCCOND,PEDESTRIAN,CYCLIST,AUTOMOBILE,MOTORCYCLE,TRUCK,TRSN_CITY_VEH,EMERG_VEH,PASSENGER,SPEEDING,AG_DRIV,REDLIGHT,ALCOHOL,DISABILITY,Division,Ward_Name,Ward_ID,Hood_ID,Hood_Name,ObjectId
-79.245418,43.755538,80503039,5000922282,2015,2015-06-02T04:00:00.000Z,1233,12,LAWRENCE AVE E,MCCOWAN RD, ,Major Arterial,Scarborough,43.755538,-79.245418,Intersection,At Intersection,Traffic Signal,Clear,Daylight,Dry,Fatal,Pedestrian Collisions,Pedestrian,70 to 74,Fatal,27,North, , , , ,Vehicle is going straight thru inter.while ped cross without ROW,Crossing without right of way,Unknown, , , ,Yes, ,Yes, , ,, , , , , , , ,43,,,127,,167
-79.39979,43.686945,5234607,1102324,2009,2009-05-01T04:00:00.000Z,1236,12,ST CLAIR AVE W,ORIOLE RD, ,Major Arterial,Toronto and East York,43.686945,-79.39979,Intersection, ,No Control,Clear,Daylight,Dry,Fatal,SMV Unattended Vehicle,Passenger,90 to 94,Fatal,14, ,Other, , , , , , , , , , , ,Yes, , ,, ,Yes, , , , , ,53,,,97,,168
-79.50639,43.600445,6659314,1246967,2011,2011-08-02T04:00:00.000Z,1236,12,LAKE SHORE BLVD W,EIGHTH ST, ,Major Arterial,Etobicoke York,43.600445,-79.50639,Intersection,At Intersection,No Control,Clear,Daylight,Dry,Fatal,Pedestrian Collisions,Pedestrian,85 to 89,Fatal,18,East,Other, , , ,Vehicle turns left while ped crosses with ROW at inter.,Crossing with right of way,Unknown, , , ,Yes, ,Yes, , ,, , , ,Yes, , , ,22,,,18,,169
-79.373821,43.648543,80790064,7003200949,2017,2017-12-15T05:00:00.000Z,1237,12,CHURCH ST,WELLINGTON ST E, ,Minor Arterial,Toronto and East York,43.648543,-79.373821,Intersection,At Intersection,Traffic Signal,Other,Daylight,Other,Fatal,Pedestrian Collisions,Pedestrian,20 to 24,Fatal,57,South, , , , ,Vehicle turns right while ped crosses with ROW at inter.,Crossing with right of way,Unknown, , , ,Yes, , , ,Yes,, , , ,Yes, , , ,51,,,77,,170
-79.40049,43.704245,7414250,1293835,2012,2012-05-11T04:00:00.000Z,1239,12,DUPLEX AVE,ANDERSON AVE, ,Collector,Toronto and East York,43.704245,-79.40049,Intersection,At Intersection,Stop Sign,Clear,Daylight,Dry,Fatal,Pedestrian Collisions,Pedestrian,80 to 84,Fatal,14,West,Other, , , ,Vehicle turns left while ped crosses with ROW at inter.,Crossing with right of way,Normal, , , ,Yes, ,Yes, , ,, , , , , , , ,53,,,100,,171
-79.56319,43.674445,6097035,1147341,2010,2010-01-12T05:00:00.000Z,1240,12,MARTIN GROVE RD,EGLINTON AVE W, ,Major Arterial,Etobicoke York,43.674445,-79.56319,Intersection,At Intersection,Traffic Signal,Clear,Daylight,Dry,Fatal,Pedestrian Collisions,Pedestrian,30 to 34,Fatal,2,East,Other, , , ,Vehicle is going straight thru inter.while ped cross with ROW,Crossing with right of way,Normal, , , ,Yes, ,Yes, , ,, ,Yes, ,Yes,Yes, , ,"23,22",,,11,,172
-79.418292,43.742343,7514423,1295871,2012,2012-05-27T04:00:00.000Z,1240,12,22 DELHI AVE, , ,Local,North York,43.742343,-79.418292,Intersection, ,No Control,Clear,Daylight,Dry,Fatal,Pedestrian Collisions,Pedestrian,80 to 84,Fatal,16,West,Other, , , ,Vehicle is reversing and hits pedestrian,Walking on Roadway Against Traffic,Medical or Physical Disability, , , ,Yes, ,Yes, , ,, , , , , , , ,32,,,39,,173
-79.454883,43.74869,80496514,5000516992,2015,2015-03-28T04:00:00.000Z,1240,12,REINER RD,WILSON HEIGHTS BLVD, ,Minor Arterial,North York,43.74869,-79.454883,Intersection,At Intersection,Traffic Signal,Clear,Daylight,Dry,Fatal,Pedestrian Collisions,Pedestrian,75 to 79,Fatal,13,West, , , , ,Vehicle turns left while ped crosses with ROW at inter.,Crossing with right of way,Other, , , ,Yes, ,Yes, , ,, , , ,Yes, , , ,32,,,33,,174
-79.482974,43.754729,80565332,6001648005,2016,2016-09-16T04:00:00.000Z,1242,12,110 ST REGIS CRES, , ,Local,North York,43.754729,-79.482974,Mid-Block,At/Near Private Drive,No Control,Clear,Daylight,Dry,Fatal,Pedestrian Collisions,Pedestrian,80 to 84,Fatal,57,Unknown, , , , ,Vehicle is reversing and hits pedestrian,On Sidewalk or Shoulder,Unknown, , , ,Yes, ,Yes, , ,, , , ,Yes, , , ,31,,,27,,175
-79.452983,43.658259,8000172,143335677,2014,2014-11-20T05:00:00.000Z,1245,12,2440 DUNDAS ST W, , ,Minor Arterial,Scarborough,43.658259,-79.452983,Intersection,At Intersection,Traffic Signal,Clear,Daylight,Dry,Fatal,Pedestrian Collisions,Pedestrian,65 to 69,Fatal,42,East, , , , ,Vehicle turns left while ped crosses with ROW at inter.,Crossing with right of way,Unknown, , , ,Yes, ,Yes, , ,, , , ,Yes, , , ,11,,,88,,176
-79.359485,43.809378,80222235,4003257164,2014,2014-11-07T05:00:00.000Z,1247,12,DON MILLS RD,FRESHMEADOW DR, ,Major Arterial,North York,43.809378,-79.359485,Mid-Block,Non Intersection,No Control,Clear,Daylight,Dry,Fatal,Pedestrian Collisions,Pedestrian,70 to 74,Fatal,39,East, , , , ,Pedestrian hit at mid-block,"Crossing, no Traffic Control",Unknown, , , ,Yes, ,Yes, , ,, , , , , , , ,33,,,48,,177
-79.423724,43.671199,80545158,6001174772,2016,2016-07-05T04:00:00.000Z,1247,12,740 DUPONT ST, , ,Major Arterial,Toronto and East York,43.671199,-79.423724,Mid-Block,Non Intersection,No Control,Clear,Daylight,Dry,Fatal,Cyclist Collisions,Cyclist,70 to 74,Fatal,41,West,Bicycle,Overtaking, , , , , ,Cyclist strikes a parked vehicle.,Improper Passing,Unknown, ,Yes, , , ,, , , , , , , ,14,,,93,,178
-79.61201,43.720431,80681743,7000396718,2017,2017-03-04T05:00:00.000Z,1249,12,REXDALE BLVD,RAMP TO ENTRANCE RD,6.5 m West of,Major Arterial,Etobicoke York,43.720431,-79.61201,Mid-Block,Non Intersection,No Control,Clear,Daylight,Dry,Fatal,Pedestrian Collisions,Pedestrian,90 to 94,Fatal,14,South, , , , ,Pedestrian hit at mid-block,"Crossing, no Traffic Control",Inattentive, , , ,Yes, ,Yes, , ,, , , , , , , ,23,,,1,,179
-79.397456,43.763236,80000030,142211983,2014,2014-06-03T04:00:00.000Z,1250,12,53 CRAIGMORE CRES, , ,Local,North York,43.763236,-79.397456,Mid-Block, ,No Control,Clear,Daylight,Dry,Fatal,Pedestrian Collisions,Pedestrian,85 to 89,Fatal,11,West, , , , ,Vehicle is reversing and hits pedestrian,Other,Normal, , , ,Yes, ,Yes, , ,, , , , , , , ,32,,,51,,180
-79.389858,43.679961,80793709,7003122371,2017,2017-12-03T05:00:00.000Z,1253,12,PRICE ST,YONGE ST,75 m East,Local,Toronto and East York,43.679961,-79.389858,Mid-Block,Non Intersection,No Control,Clear,Daylight,Dry,Fatal,Pedestrian Collisions,Pedestrian,75 to 79,Fatal,63,South, , , , ,Vehicle is reversing and hits pedestrian,Other,Normal, , , ,Yes, ,Yes, , ,, , , , , , , ,53,,,98,,181
-79.258769,43.736033,8000166,143250160,2014,2014-11-06T05:00:00.000Z,1254,12,MIDLAND AVE,GILDER DR, ,Major Arterial,Scarborough,43.736033,-79.258769,Intersection,At Intersection,Traffic Signal,Clear,Daylight,Dry,Fatal,Pedestrian Collisions,Pedestrian,40 to 44,Fatal,38,Unknown, , , , ,Pedestrian hit on sidewalk or shoulder,On Sidewalk or Shoulder,Normal, , , ,Yes, ,Yes, , ,, , , , , , , ,41,,,138,,182
-79.54349,43.756345,5040685,1132127,2009,2009-10-21T04:00:00.000Z,1255,12,WESTON RD,FENMAR DR, ,Major Arterial,Etobicoke York,43.756345,-79.54349,Mid-Block,At Intersection,No Control,Rain,Daylight,Wet,Fatal,Pedestrian Collisions,Pedestrian,50 to 54,Fatal,35,Unknown,Other, , , ,Other / Undefined,Pushing/Working on Vehicle,Unknown, , , ,Yes, , , ,Yes,, , , , , , , ,31,,,21,,183
-79.411601,43.703868,80945877,8001142339,2018,2018-06-23T04:00:00.000Z,1259,12,EGLINTON AVE W,CASTLE KNOCK RD, ,Major Arterial,Toronto and East York,43.703868,-79.411601,Intersection,At Intersection,Traffic Signal,Clear,Daylight,Dry,Fatal,Pedestrian Collisions,Pedestrian,70 to 74,Fatal,34,Unknown, , , , ,Other / Undefined,Other,Had Been Drinking, , , ,Yes, ,Yes, , ,, , , , , , , ,53,,,101,,184
-79.42629,43.796645,5793443,1131172,2009,2009-10-16T04:00:00.000Z,1301,13,STEELES AVE W,TANGREEN CRT, ,Major Arterial,North York,43.796645,-79.42629,Intersection, ,No Control,Clear,Daylight,Dry,Fatal,Pedestrian Collisions,Pedestrian,80 to 84,Fatal,41,South,Other, , , ,Vehicle is going straight thru inter.while ped cross without ROW,"Crossing, no Traffic Control",Inattentive, , , ,Yes, ,Yes, , ,, , , , , , , ,32,,,0,,185
-79.494518,43.676146,80757123,7001169974,2017,2017-06-30T04:00:00.000Z,1304,13,847 JANE ST, , ,Collector,Etobicoke York,43.676146,-79.494518,Mid-Block,Non Intersection,No Control,Clear,Daylight,Dry,Fatal,Cyclist Collisions,Cyclist,70 to 74,Fatal,28,West,Bicycle,Going Ahead, , , , , ,"Motorist turns right at non-signal Inter.(stop, yield, no cont.,and dwy) and strikes cyclist.",Driving Properly,Normal, ,Yes,Yes, , ,, , , , , , , ,12,,,111,,186
-79.44589,43.785945,6637557,1237771,2011,2011-06-11T04:00:00.000Z,1308,13,DEWLANE DR,BATHURST ST, ,Major Arterial,North York,43.785945,-79.44589,Intersection, ,No Control,Clear,Daylight,Dry,Fatal,Pedestrian Collisions,Pedestrian,80 to 84,Fatal,9,West,Other, , , ,Pedestrian hit at private driveway,Other,Normal, , , ,Yes, ,Yes, , ,, , , , , , , ,32,,,36,,187
-79.41029,43.704245,5362593,1039584,2008,2008-05-22T04:00:00.000Z,1310,13,EGLINTON AVE W,ELMSTHORPE AVE, ,Major Arterial,Toronto and East York,43.704245,-79.41029,Mid-Block, ,No Control,Clear,Daylight,Dry,Fatal,Cyclist Collisions,Cyclist,55 to 59,Fatal,20,East,Bicycle,Going Ahead, , , , , ,Cyclist struck opened vehicle door,Driving Properly,Unknown, ,Yes,Yes, , ,, , , , , , , ,53,,,103,,188
-79.331226,43.775088,80000021,141413547,2014,2014-01-26T05:00:00.000Z,1310,13,SHEPPARD AVE E,CONSUMERS RD, ,Major Arterial,North York,43.775088,-79.331226,Intersection, ,Traffic Signal,Snow,Daylight,Loose Snow,Fatal,Rear End,Driver,70 to 74,Fatal,2,East,Passenger Van,Going Ahead,Other,Unknown, , , , , , , , ,Yes, , ,, ,Yes, , , , , ,33,,,53,,189
-79.36889,43.678245,5420897,1065135,2008,2008-10-18T04:00:00.000Z,1315,13,BAYVIEW BLOOR S RAMP N,BLOOR RAMP, ,Major Arterial,Toronto and East York,43.678245,-79.36889,Mid-Block, ,No Control,Clear,Daylight,Dry,Fatal,Approaching,Motorcycle Driver,30 to 34,Fatal,45,East,Motorcycle,Going Ahead,Lost control,Unknown, , , , , , , , ,Yes,Yes, ,, ,Yes, , , , , ,53,,,98,,190
-79.297221,43.69353,80501740,6000291466,2016,2016-02-18T05:00:00.000Z,1315,13,DAWES RD,SECORD AVE, ,Minor Arterial,Toronto and East York,43.69353,-79.297221,Intersection,At Intersection,Traffic Signal,Clear,Daylight,Dry,Fatal,Pedestrian Collisions,Pedestrian,70 to 74,Fatal,13,North, , , , ,Vehicle turns right while ped crosses with ROW at inter.,Crossing with right of way,Normal, , , ,Yes, ,Yes, , ,, , , ,Yes, , , ,54,,,61,,191
-79.62099,43.753945,6674980,1253623,2011,2011-09-12T04:00:00.000Z,1316,13,STEELES AVE W,STEINWAY BLVD, ,Major Arterial,Etobicoke York,43.753945,-79.62099,Mid-Block, ,No Control,Clear,Daylight,Dry,Fatal,Turning Movement,Driver,20 to 24,Fatal,24,East,"Automobile, Station Wagon",Going Ahead,Exceeding Speed Limit,Unknown, , , , , , , , ,Yes, , ,, , ,Yes,Yes, , , ,23,,,0,,192
-79.45179,43.653845,6097039,1147342,2010,2010-01-12T05:00:00.000Z,1317,13,DUNDAS ST W,RONCESVALLES AVE, ,Minor Arterial,Toronto and East York,43.653845,-79.45179,Intersection,At Intersection,Traffic Signal,Clear,Daylight,Dry,Fatal,Pedestrian Collisions,Pedestrian,80 to 84,Fatal,3,East,Other, , , ,Vehicle is going straight thru inter.while ped cross without ROW,Crossing without right of way,Inattentive, , , ,Yes, ,Yes, , ,, , , , , , , ,11,,,86,,193
-79.377811,43.642996,7842192,1366347,2013,2013-07-03T04:00:00.000Z,1319,13,LAKE SHORE BLVD W,BAY ST, ,Expressway,Toronto and East York,43.642996,-79.377811,Intersection, ,Traffic Signal,Clear,Daylight,Dry,Fatal,Pedestrian Collisions,Pedestrian,70 to 74,Fatal,19,North, , , , ,Pedestrian hit on sidewalk or shoulder,On Sidewalk or Shoulder,Unknown, , , ,Yes, ,Yes, , ,, ,Yes, ,Yes, , , ,52,,,77,,194
-79.337749,43.77582,8000208,143471771,2014,2014-12-12T05:00:00.000Z,1320,13,SHEPPARD AVE E,404 N SHEPPARD W RAMP, ,Expressway,North York,43.77582,-79.337749,Intersection, ,Traffic Signal,Clear,Daylight,Wet,Fatal,Turning Movement,Passenger,50 to 54,Fatal,47, , , , , , , , , , , , , ,Yes, , ,, ,Yes, ,Yes,Yes, , ,33,,,53,,195
-79.412891,43.769263,80241216,5000979465,2015,2015-06-11T04:00:00.000Z,1322,13,YONGE ST,EMPRESS AVE, ,Major Arterial,North York,43.769263,-79.412891,Intersection,At Intersection,Traffic Signal,Clear,Daylight,Dry,Fatal,Pedestrian Collisions,Pedestrian,65 to 69,Fatal,29, , , , , ,Pedestrian hit on sidewalk or shoulder,On Sidewalk or Shoulder,Normal, , , ,Yes, ,Yes, , ,, , , , , , , ,32,,,51,,196
-79.453021,43.790801,80488485,5001457314,2015,2015-08-24T04:00:00.000Z,1325,13,STEELES AVE W,TORRESDALE AVE,1 m East of,Major Arterial,North York,43.790801,-79.453021,Intersection,At Intersection,Traffic Signal,Clear,Daylight,Dry,Fatal,Pedestrian Collisions,Pedestrian,85 to 89,Fatal,39,Unknown, , , , ,Vehicle is going straight thru inter.while ped cross without ROW,Crossing without right of way,Medical or Physical Disability, , , ,Yes, ,Yes, , ,, , , , , , , ,32,,,35,,197
-79.155994,43.792666,80487332,5001276114,2015,2015-07-26T04:00:00.000Z,1328,13,6486 KINGSTON RD, ,15 m West of,Minor Arterial,Scarborough,43.792666,-79.155994,Mid-Block,Non Intersection,No Control,Clear,Daylight,Dry,Fatal,Turning Movement,Motorcycle Driver,30 to 34,Fatal,35,East,Motorcycle,Going Ahead,Exceeding Speed Limit,Normal, , , , , , , , ,Yes,Yes, ,, ,Yes,Yes,Yes, , , ,43,,,133,,198
-79.449046,43.646327,5229859,1100239,2009,2009-04-20T04:00:00.000Z,1330,13,RONCESVALLES AVE,HIGH PARK BLVD, ,Minor Arterial,Toronto and East York,43.646327,-79.449046,Intersection, ,Traffic Signal,Rain,Daylight,Wet,Fatal,Pedestrian Collisions,Pedestrian,85 to 89,Fatal,13,West,Other, , , ,Vehicle turns left while ped crosses with ROW at inter.,Crossing with right of way,Normal, , , ,Yes, , , , ,, , , ,Yes, , , ,11,,,86,,199
-79.315616,43.696753,80566657,6002131954,2016,2016-12-01T05:00:00.000Z,1335,13,COSBURN AVE,CEDARVALE AVE, ,Collector,Toronto and East York,43.696753,-79.315616,Intersection,At Intersection,Pedestrian Crossover,Clear,Daylight,Dry,Fatal,Pedestrian Collisions,Pedestrian,65 to 69,Fatal,75,North, , , , ,Pedestrian hit a PXO/ped. Mid-block signal,"Crossing, Pedestrian Crossover",Normal, , , ,Yes, ,Yes, , ,, , , ,Yes, , , ,54,,,60,,200
-79.32359,43.683345,5381219,1047910,2008,2008-07-14T04:00:00.000Z,1337,13,DANFORTH AVE,COXWELL AVE, ,Major Arterial,Toronto and East York,43.683345,-79.32359,Intersection,At Intersection,Traffic Signal,Clear,Daylight,Dry,Fatal,Pedestrian Collisions,Pedestrian,50 to 54,Fatal,33,North,Other, , , ,Vehicle is going straight thru inter.while ped cross with ROW,Crossing with right of way,Normal, , , ,Yes, ,Yes, , ,, ,Yes,Yes,Yes, , ,Yes,"54,55",,,64,,201
-79.24239,43.737945,5377816,1046412,2008,2008-07-04T04:00:00.000Z,1345,13,EGLINTON AVE E,BARBADOS BLVD, ,Major Arterial,Scarborough,43.737945,-79.24239,Mid-Block, ,No Control,Clear,Daylight,Dry,Fatal,Approaching,Driver,80 to 84,Fatal,29,East,"Automobile, Station Wagon",Going Ahead,Lost control,Unknown, , , , , , , , ,Yes, , ,, , ,Yes,Yes, , , ,43,,,138,,202
-79.22759,43.816245,7377669,1275814,2012,2012-01-12T05:00:00.000Z,558,5,NEILSON RD,FINCH AVE E, ,Minor Arterial,Scarborough,43.816245,-79.22759,Intersection, ,Traffic Signal,Rain,"Dark, artificial",Wet,Fatal,Pedestrian Collisions,Pedestrian,40 to 44,Fatal,2,West,Other, , , ,Vehicle turns left while ped crosses with ROW at inter.,Crossing with right of way,Unknown, , , ,Yes, ,Yes, , ,, ,Yes, ,Yes, , , ,42,,,132,,203
-79.447742,43.637614,80000014,131058335,2013,2013-11-29T05:00:00.000Z,558,5,1491 LAKE SHORE BLVD W, , ,Major Arterial,Toronto and East York,43.637614,-79.447742,Mid-Block, ,No Control,Clear,"Dawn, artificial",Dry,Fatal,SMV Other,Driver,25 to 29,Fatal,58,East,"Automobile, Station Wagon",Going Ahead,Lost control,Unknown, , , , , , , , ,Yes, , ,, , ,Yes,Yes, , , ,11,,,85,,204
-79.259883,43.716773,80944448,8001077165,2018,2018-06-14T04:00:00.000Z,558,5,ST CLAIR AVE E,DANFORTH RD, ,Major Arterial,Scarborough,43.716773,-79.259883,Intersection,At Intersection,Traffic Signal,Clear,Daylight,Dry,Fatal,Turning Movement,Motorcycle Driver,55 to 59,Fatal,33,West,Motorcycle,Going Ahead,Driving Properly,Unknown, , , , , , , , ,Yes,Yes, ,, , , ,Yes, , , ,41,,,120,,205
-79.31689,43.821345,6253540,1162012,2010,2010-04-13T04:00:00.000Z,559,5,STEELES AVE E,BIRCHMOUNT RD, ,Major Arterial,Scarborough,43.821345,-79.31689,Intersection,At Intersection,Traffic Signal,Clear,Dawn,Dry,Fatal,Angle,Passenger,70 to 74,Fatal,16, ,Other, , , , , , , , , , , ,Yes, , ,, ,Yes, ,Yes,Yes, ,Yes,42,,,116,,206
-79.574641,43.728129,80501551,4003267619,2014,2014-11-09T05:00:00.000Z,559,5,KIPLING AVE,WESTHUMBER BLVD, ,Major Arterial,Etobicoke York,43.728129,-79.574641,Intersection,At Intersection,Traffic Signal,Clear,"Dark, artificial",Dry,Fatal,Angle,Passenger,20 to 24,Fatal,40, , , , , , , , , , , , , ,Yes, , ,, ,Yes, ,Yes,Yes, , ,23,,,4,,207
-79.513431,43.758048,8000170,143339762,2014,2014-11-21T05:00:00.000Z,600,6,FINCH AVE W,DRIFTWOOD AVE, ,Major Arterial,Etobicoke York,43.758048,-79.513431,Intersection,At Intersection,Traffic Signal,Clear,"Dawn, artificial",Dry,Fatal,Pedestrian Collisions,Pedestrian,60 to 64,Fatal,41,North, , , , ,Vehicle is going straight thru inter.while ped cross without ROW,Crossing without right of way,Unknown, , , ,Yes, ,Yes, , ,, , , , , , , ,31,,,25,,208
-79.263774,43.801421,80493406,5002013764,2015,2015-11-24T05:00:00.000Z,603,6,MCCOWAN RD,KENHATCH BLVD, ,Major Arterial,Scarborough,43.801421,-79.263774,Intersection,At Intersection,Traffic Signal,Snow,Dark,Wet,Fatal,Pedestrian Collisions,Pedestrian,25 to 29,Fatal,57,Unknown, , , , ,Vehicle is going straight thru inter.while ped cross with ROW,Crossing with right of way,Normal, , , ,Yes, ,Yes, , ,, , ,Yes,Yes,Yes, , ,42,,,129,,209
-79.43739,43.652745,6665360,1249510,2011,2011-08-16T04:00:00.000Z,606,6,374 BROCK AVE,PUBLIC LANE, ,Laneway,Toronto and East York,43.652745,-79.43739,"Park, Private Property, Public Lane", ,No Control,Clear,Daylight,Dry,Fatal,SMV Other,Driver,55 to 59,Fatal,20,North,"Automobile, Station Wagon",Reversing,Other,Normal, , , , , , , , ,Yes, , ,, , , , , , , ,11,,,83,,210
-79.587123,43.699229,80000029,142120007,2014,2014-05-21T04:00:00.000Z,610,6,HIGHWAY 27  S,BELFIELD RD, ,Major Arterial,Etobicoke York,43.699229,-79.587123,Intersection, ,Traffic Signal,Clear,Daylight,Dry,Fatal,Rear End,Driver,40 to 44,Fatal,10,South,"Automobile, Station Wagon",Stopped,Driving Properly,Normal, , , , , , , , ,Yes, , ,, , , , , , , ,23,,,1,,211
-79.326206,43.664164,80489505,5001612624,2015,2015-09-18T04:00:00.000Z,610,6,QUEEN ST E,HILTZ AVE,5 m West of,Minor Arterial,Toronto and East York,43.664164,-79.326206,Intersection,Non Intersection,No Control,Clear,Dark,Dry,Fatal,Approaching,Motorcycle Driver,35 to 39,Fatal,43,East,Motorcycle,Going Ahead,Lost control,Inattentive, , , , , , , , , ,Yes, ,, , , , , , , ,55,,,65,,212
-79.423999,43.640547,7829849,1361106,2013,2013-06-16T04:00:00.000Z,616,6,JOE SHUSTER  WAY,KING ST W, ,Local,Toronto and East York,43.640547,-79.423999,Mid-Block, ,No Control,Rain,Daylight,Wet,Fatal,SMV Other,Driver,40 to 44,Fatal,17,East,"Automobile, Station Wagon",Going Ahead,Other,Unknown, , , , , , , , ,Yes, , ,, , , , , , , ,14,,,85,,213
-79.291316,43.765433,8000333,5000160956,2015,2015-01-28T05:00:00.000Z,617,6,1792 BIRCHMOUNT RD, , ,Major Arterial,Scarborough,43.765433,-79.291316,Mid-Block, ,No Control,Clear,Dark,Dry,Fatal,Pedestrian Collisions,Pedestrian,55 to 59,Fatal,3,West, , , , ,Pedestrian hit at mid-block,"Crossing, no Traffic Control",Inattentive, , , ,Yes, ,Yes, , ,, , , , , , , ,41,,,126,,214
-79.379863,43.655387,80000046,142879736,2014,2014-09-10T04:00:00.000Z,620,6,OKEEFE LANE,DUNDAS SQ, ,Laneway,Toronto and East York,43.655387,-79.379863,Mid-Block, ,No Control,Clear,"Dark, artificial",Dry,Fatal,Pedestrian Collisions,Pedestrian,25 to 29,Fatal,27,Unknown, , , , ,Vehicle is reversing and hits pedestrian,Other,Had Been Drinking, , , ,Yes, , , ,Yes,, , , , , , , ,51,,,75,,215
-79.20087,43.805159,80490055,5001722553,2015,2015-10-06T04:00:00.000Z,621,6,MORNINGSIDE AVE,SHEPPARD AVE E,358 m North of,Major Arterial,Scarborough,43.805159,-79.20087,Mid-Block,Non Intersection,No Control,Clear,"Dawn, artificial",Dry,Fatal,Rear End,Driver,50 to 54,Fatal,49,South,"Automobile, Station Wagon",Going Ahead,Lost control,Unknown, , , , , , , , ,Yes, , ,, , , , , , , ,42,,,132,,216
-79.469287,43.637206,80973076,8001812203,2018,2018-10-01T04:00:00.000Z,622,6,THE QUEENSWAY,WINDERMERE AVE, ,Major Arterial,Toronto and East York,43.637206,-79.469287,Mid-Block,Non Intersection,No Control,Clear,Dawn,Wet,Fatal,Pedestrian Collisions,Pedestrian,50 to 54,Fatal,50,East, , , , ,Pedestrian involved in a collision with transit vehicle anywhere along roadway,Walking on Roadway Against Traffic,Unknown, , , ,Yes, , , , ,, , , , , , , ,11,,,87,,217
-79.394183,43.675101,80985326,8002341194,2018,2018-12-22T05:00:00.000Z,623,6,DAVENPORT  RD,HAZELTON  AVE, ,Major Arterial,Toronto and East York,43.675101,-79.394183,Mid-Block,Non Intersection,No Control,Clear,"Dawn, artificial",Dry,Fatal,Pedestrian Collisions,Pedestrian,50 to 54,Fatal,65,Unknown, , , , ,Pedestrian hit at mid-block,Other,Normal, , , ,Yes, ,Yes, , ,, , ,Yes,Yes, , , ,53,,,95,,218
-79.27699,43.702545,5808587,1138618,2009,2009-11-24T05:00:00.000Z,630,6,WARDEN AVE,CATARAQUI CRES, ,Minor Arterial,Scarborough,43.702545,-79.27699,Intersection,At Intersection,No Control,Rain,Dark,Wet,Fatal,Pedestrian Collisions,Pedestrian,45 to 49,Fatal,42,East,Other, , , ,Pedestrian hit at mid-block,"Crossing, no Traffic Control",Unknown, , , ,Yes, ,Yes, , ,, , , , , , , ,41,,,120,,219
-79.39499,43.645445,6689759,1260146,2011,2011-10-21T04:00:00.000Z,630,6,SPADINA AVE W,KING ST W, ,Major Arterial,Toronto and East York,43.645445,-79.39499,Intersection,At Intersection,Traffic Signal,Clear,Dark,Dry,Fatal,Pedestrian Collisions,Pedestrian,25 to 29,Fatal,29,East,Other, , , ,Other / Undefined,Walking on Roadway Against Traffic,Unknown, , , ,Yes, , , ,Yes,, ,Yes, , , , , ,"14,52",,,77,,220
-79.315753,43.796763,80565040,6001535813,2016,2016-08-30T04:00:00.000Z,630,6,WARDEN AVE,FINCH AVE E,25M,Major Arterial,Scarborough,43.796763,-79.315753,Intersection,At Intersection,Traffic Signal,Clear,Daylight,Dry,Fatal,Rear End,Passenger,25 to 29,Fatal,54, , , , , , , , , , , , , ,Yes, , ,, ,Yes, , , , , ,42,,,117,,221