X,Y,Index_,ACCNUM,YEAR,DATE,TIME,Hour,STREET1,STREET2,OFFSET,ROAD_CLASS,District,LATITUDE,LONGITUDE,LOCCOORD,ACCLOC,TRAFFCTL,VISIBILITY,LIGHT,RDSFCOND,ACCLASS,IMPACTYPE,INVTYPE,INVAGE,INJURY,FATAL_NO,INITDIR,VEHTYPE,MANOEUVER,DRIVACT,DRIVCOND,PEDTYPE,PEDACT,PEDCOND,CYCLISTYPE,CYCACT,CYCCOND,PEDESTRIAN,CYCLIST,AUTOMOBILE,MOTORCYCLE,TRUCK,TRSN_CITY_VEH,EMERG_VEH,PASSENGER,SPEEDING,AG_DRIV,REDLIGHT,ALCOHOL,DISABILITY,Division,Ward_Name,Ward_ID,Hood_ID,Hood_Name,ObjectId
-79.450557,43.639189,80489687,5001649654,2015,2015-09-24T04:00:00.000Z,636,6,THE QUEENSWAY,GLENDALE AVE,57 m East of,Major Arterial,Toronto and East York,43.639189,-79.450557,Mid-Block,At Intersection,No Control,Clear,"Dark, artificial",Dry,Fatal,Pedestrian Collisions,Pedestrian,75 to 79,Fatal,51,North, , , , ,Pedestrian hit at mid-block,"Crossing, no Traffic Control",Normal, , , ,Yes, ,Yes, , ,, , , , , , , ,11,,,87,,222
-79.44449,43.746845,5809277,1144154,2009,2009-12-24T05:00:00.000Z,640,6,MARWILL ST,ALMORE AVE, ,Local,North York,43.746845,-79.44449,Intersection, ,No Control,Clear,Dark,Dry,Fatal,Pedestrian Collisions,Pedestrian,85 to 89,Fatal,48,South,Other, , , ,Pedestrian hit at mid-block,Walking on Roadway with Traffic,Normal, , , ,Yes, ,Yes, , ,, , , , , , , ,32,,,33,,223
-79.448291,43.671546,7542674,1327099,2012,2012-11-23T05:00:00.000Z,643,6,DAVENPORT RD,LANSDOWNE AVE, ,Minor Arterial,Toronto and East York,43.671546,-79.448291,Intersection,At Intersection,Traffic Signal,Clear,"Dark, artificial",Dry,Fatal,Cyclist Collisions,Cyclist,35 to 39,Fatal,39,North,Bicycle,Going Ahead, , , , , ,"Cyclist without ROW rides into path of motorist at inter, lnwy, dwy-Cyclist not turn.", , , ,Yes,Yes, , ,, , , ,Yes,Yes, , ,13,,,93,,224
-79.301936,43.812129,80000072,5000275153,2015,2015-02-16T05:00:00.000Z,644,6,KENNEDY RD,MCNICOLL AVE, ,Major Arterial,Scarborough,43.812129,-79.301936,Intersection,At Intersection,Traffic Signal,Clear,Dawn,Dry,Fatal,Pedestrian Collisions,Pedestrian,65 to 69,Fatal,6,East, , , , ,Vehicle is going straight thru inter.while ped cross with ROW,Crossing with right of way,Unknown, , , ,Yes, ,Yes, , ,, , , ,Yes,Yes, , ,42,,,130,,225
-79.332736,43.689231,80000080,5000406927,2015,2015-03-10T04:00:00.000Z,645,6,452 MORTIMER AVE, , ,Minor Arterial,Toronto and East York,43.689231,-79.332736,Intersection, ,No Control,Clear,"Dawn, artificial",Wet,Fatal,Pedestrian Collisions,Pedestrian,85 to 89,Fatal,10,South, , , , ,Pedestrian hit at mid-block,"Crossing, no Traffic Control",Unknown, , , ,Yes, ,Yes, , ,, , , , , , , ,54,,,59,,226
-79.291301,43.763327,80975006,8002065935,2018,2018-11-09T05:00:00.000Z,650,6,ELLESMERE RD,BIRCHMOUNT RD, ,Major Arterial,Scarborough,43.763327,-79.291301,Intersection,Intersection Related,No Control,Snow,Daylight,Dry,Fatal,Pedestrian Collisions,Pedestrian,55 to 59,Fatal,58,Unknown, , , , ,Pedestrian hit on sidewalk or shoulder,On Sidewalk or Shoulder,Normal, , , ,Yes, ,Yes, , ,, , , , , , , ,41,,,126,,227
-79.564769,43.766535,5215511,1093819,2009,2009-03-11T04:00:00.000Z,652,6,STEELES AVE W,PINE VALLEY  DR, ,Major Arterial,Etobicoke York,43.766535,-79.564769,Intersection,At Intersection,Traffic Signal,Rain,Dark,Wet,Fatal,Pedestrian Collisions,Pedestrian,55 to 59,Fatal,7,South,Other, , , ,Pedestrian hit at mid-block,"Crossing, no Traffic Control",Inattentive, , , ,Yes, , , ,Yes,, , , , , , , ,31,,,21,,228
-79.45329,43.714145,7529123,1323544,2012,2012-11-01T04:00:00.000Z,652,6,LAWRENCE AVE W,CORONA ST, ,Major Arterial,North York,43.714145,-79.45329,Mid-Block, ,No Control,Rain,Dark,Wet,Fatal,Pedestrian Collisions,Pedestrian,30 to 34,Fatal,37,Unknown,Other, , , ,Vehicle is going straight thru inter.while ped cross without ROW,"Crossing, no Traffic Control",Inattentive, , , ,Yes, ,Yes, , ,, ,Yes, ,Yes, , , ,"32,13",,,31,,229
-79.61288,43.755641,80782623,7001671435,2017,2017-09-15T04:00:00.000Z,652,6,STEELES AVE W,HIGHWAY 27  N,200 m East of,Major Arterial,Etobicoke York,43.755641,-79.61288,Mid-Block,Non Intersection,No Control,Clear,Daylight,Dry,Fatal,Turning Movement,Passenger,55 to 59,Fatal,41, , , , , , , , , , , , , ,Yes, ,Yes,, ,Yes,Yes,Yes, , , ,23,,,1,,230
-79.39019,43.708445,6098472,1148390,2010,2010-01-18T05:00:00.000Z,655,6,MOUNT PLEASANT RD,EGLINTON AVE E, ,Major Arterial,Toronto and East York,43.708445,-79.39019,Intersection,At Intersection,Traffic Signal,Clear,Dark,Dry,Fatal,Pedestrian Collisions,Pedestrian,60 to 64,Fatal,4,South,Other, , , ,Pedestrian involved in a collision with transit vehicle anywhere along roadway,Crossing with right of way,Normal, , , ,Yes, , , , ,, , , ,Yes, , , ,53,,,99,,231
-79.450549,43.691016,80542826,6001088034,2016,2016-06-22T04:00:00.000Z,655,6,DYNEVOR RD,KIRKNEWTON RD, ,Local,Toronto and East York,43.691016,-79.450549,Mid-Block,Non Intersection,No Control,Clear,Daylight,Dry,Fatal,Pedestrian Collisions,Pedestrian,65 to 69,Fatal,39,Unknown, , , , ,Pedestrian hit at mid-block,Other,Normal, , , ,Yes, ,Yes, , ,, ,Yes, , , , , ,13,,,109,,232
-79.28109,43.765745,5298469,1130393,2009,2009-10-13T04:00:00.000Z,656,6,KENNEDY RD,ELLESMERE RD, ,Major Arterial,Scarborough,43.765745,-79.28109,Intersection, ,Traffic Signal,Rain,Dawn,Wet,Fatal,SMV Other,Passenger,35 to 39,Fatal,29, ,Other, , , , , , , , , , , ,Yes, , ,, ,Yes, , , , , ,41,,,126,,233
-79.44849,43.691345,6098826,1148773,2010,2010-01-20T05:00:00.000Z,700,7,DUFFERIN ST,PRESTON RD, ,Major Arterial,Toronto and East York,43.691345,-79.44849,Mid-Block,At Intersection,No Control,Clear,Dark,Dry,Fatal,Pedestrian Collisions,Pedestrian,50 to 54,Fatal,5,East,Other, , , ,Pedestrian hit at mid-block,Running onto Roadway,Unknown, , , ,Yes, ,Yes, , ,, ,Yes, , , , , ,13,,,109,,234
-79.43289,43.781245,6168415,1180110,2010,2010-07-31T04:00:00.000Z,700,7,GRANTBROOK ST,CHARLTON BLVD, ,Collector,North York,43.781245,-79.43289,Intersection,At Intersection,Stop Sign,Clear,Daylight,Dry,Fatal,Angle,Passenger,25 to 29,Fatal,27, ,Other, , , , , , , , , , , ,Yes, , ,, ,Yes,Yes,Yes, ,Yes, ,32,,,36,,235
-79.519672,43.765898,6806528,1270884,2011,2011-12-21T05:00:00.000Z,706,7,JANE ST,DRIFTWOOD AVE, ,Major Arterial,Etobicoke York,43.765898,-79.519672,Intersection,At Intersection,Traffic Signal,Rain,"Dark, artificial",Wet,Fatal,Pedestrian Collisions,Pedestrian,25 to 29,Fatal,34,East,Other, , , ,Vehicle turns left while ped crosses with ROW at inter.,Crossing with right of way,Normal, , , ,Yes, , , , ,, , , ,Yes, , , ,31,,,24,,236
-79.247051,43.719565,80971685,8001780907,2018,2018-09-26T04:00:00.000Z,709,7,ST CLAIR AVE E,JEANETTE ST, ,Minor Arterial,Scarborough,43.719565,-79.247051,Intersection,At Intersection,Traffic Signal,Clear,Daylight,Dry,Fatal,Pedestrian Collisions,Pedestrian,60 to 64,Fatal,49,North, , , , ,Vehicle is going straight thru inter.while ped cross with ROW,Crossing with right of way,Unknown, , , ,Yes, ,Yes, , ,, , , ,Yes,Yes, , ,41,,,123,,237
-79.397853,43.652507,7876122,1380946,2013,2013-10-16T04:00:00.000Z,710,7,SPADINA Ave,DUNDAS St W, ,Major Arterial,Toronto and East York,43.652507,-79.397853,Mid-Block, ,No Control,Clear,Daylight,Wet,Fatal,Cyclist Collisions,Cyclist,25 to 29,Fatal,49,North,Bicycle,Going Ahead, , , , , ,Cyclist and Driver travelling in same direction. One vehicle sideswipes the other.,Lost control,Normal, ,Yes, , ,Yes,, , , , , , , ,"14,52",,,78,,238
-79.437747,43.752669,80566649,6002160952,2016,2016-12-06T05:00:00.000Z,712,7,BATHURST ST,REINER RD, ,Major Arterial,North York,43.752669,-79.437747,Mid-Block,At Intersection,No Control,Clear,Daylight,Dry,Fatal,Pedestrian Collisions,Pedestrian,85 to 89,Fatal,76,East, , , , ,Pedestrian hit at mid-block,"Crossing, no Traffic Control",Unknown, , , ,Yes, ,Yes, , ,, , , , , , , ,32,,,38,,239
-79.37099,43.658221,80757204,7001372973,2017,2017-07-31T04:00:00.000Z,713,7,SHERBOURNE ST,DUNDAS ST E, ,Major Arterial,Toronto and East York,43.658221,-79.37099,Intersection,At Intersection,Traffic Signal,Clear,Daylight,Dry,Fatal,Pedestrian Collisions,Pedestrian,70 to 74,Fatal,33,Unknown, , , , ,Pedestrian hit on sidewalk or shoulder,On Sidewalk or Shoulder,Normal, , , ,Yes, ,Yes, , ,, , ,Yes,Yes, , , ,51,,,73,,240
-79.22429,43.816945,5041268,1132676,2009,2009-10-23T04:00:00.000Z,715,7,FINCH AVE E,BLACKBIRD GT, ,Minor Arterial,Scarborough,43.816945,-79.22429,Intersection,At Intersection,No Control,Rain,Dark,Wet,Fatal,Pedestrian Collisions,Pedestrian,60 to 64,Fatal,36,North,Other, , , ,Vehicle is going straight thru inter.while ped cross without ROW,"Crossing, no Traffic Control",Inattentive, , , ,Yes, ,Yes, , ,, , , , , , , ,42,,,132,,241
-79.367259,43.648974,80609323,7000012031,2017,2017-01-03T05:00:00.000Z,717,7,LOWER SHERBOURNE ST,THE ESPLANADE, ,Minor Arterial,Toronto and East York,43.648974,-79.367259,Intersection,At Intersection,Traffic Signal,Rain,Dark,Wet,Fatal,Pedestrian Collisions,Pedestrian,80 to 84,Fatal,1,West, , , , ,Vehicle is going straight thru inter.while ped cross without ROW,Crossing without right of way,Normal, , , ,Yes, ,Yes, , ,, , , , , , , ,51,,,77,,242
-79.336452,43.816847,5430130,1069315,2008,2008-11-11T05:00:00.000Z,720,7,PHARMACY AVE,STEELES AVE E, ,Major Arterial,Scarborough,43.816847,-79.336452,Intersection,At Intersection,Traffic Signal,Clear,Daylight,Dry,Fatal,Pedestrian Collisions,Pedestrian,55 to 59,Fatal,52,West,Other, , , ,Vehicle turns right while ped crosses with ROW at inter.,Crossing with right of way,Unknown, , , ,Yes, , , , ,, , , ,Yes, , , ,42,,,116,,243
-79.166332,43.772868,80199653,3013932599,2013,2013-11-08T05:00:00.000Z,725,7,LAWRENCE AVE E,BENNETT RD, ,Minor Arterial,Scarborough,43.772868,-79.166332,Intersection,Intersection Related,Traffic Signal,Clear,Daylight,Dry,Fatal,Pedestrian Collisions,Pedestrian,25 to 29,Fatal,52,South, , , , ,Vehicle turns left while ped crosses with ROW at inter.,Crossing with right of way,Normal, , , ,Yes, ,Yes, , ,, , , ,Yes, , , ,43,,,136,,244
-79.509113,43.65729,80000025,141649049,2014,2014-03-06T05:00:00.000Z,735,7,PRINCE EDWARD DR N,SHAND AVE, ,Collector,Etobicoke York,43.65729,-79.509113,Intersection, ,No Control,Snow,Daylight,Slush,Fatal,SMV Other,Driver,50 to 54,Fatal,6,South,"Automobile, Station Wagon",Pulling Onto Shoulder or towardCurb,Lost control,Unknown, , , , , , , , ,Yes, , ,, , , , , , , ,22,,,15,,245
-79.481792,43.623171,80197024,5001518617,2015,2015-09-03T04:00:00.000Z,736,7,PARK LAWN RD,LAKE SHORE BLVD W, ,Major Arterial,Etobicoke York,43.623171,-79.481792,Mid-Block, ,No Control,Clear,Daylight,Dry,Fatal,Pedestrian Collisions,Pedestrian,70 to 74,Fatal,41,West, , , , ,Pedestrian hit at mid-block,"Crossing, no Traffic Control",Normal, , , ,Yes, , , ,Yes,, , , , , , , ,22,,,17,,246
-79.24709,43.719645,5354326,1035924,2008,2008-05-01T04:00:00.000Z,738,7,ST CLAIR AVE E,JEANETTE ST, ,Minor Arterial,Scarborough,43.719645,-79.24709,Intersection,At Intersection,Stop Sign,Clear,Daylight,Dry,Fatal,Pedestrian Collisions,Pedestrian,50 to 54,Fatal,16,North,Other, , , ,Vehicle turns left while ped crosses without ROW at inter.,"Crossing, no Traffic Control",Normal, , , ,Yes, , , ,Yes,, , , , , , , ,41,,,123,,247
-79.39819,43.646245,7425921,1298952,2012,2012-06-14T04:00:00.000Z,738,7,ADELAIDE ST W,BRANT ST, ,Major Arterial,Toronto and East York,43.646245,-79.39819,Intersection,At Intersection,Traffic Signal,Clear,Daylight,Dry,Fatal,Pedestrian Collisions,Pedestrian,30 to 34,Fatal,18,East,Other, , , ,Vehicle turns left while ped crosses with ROW at inter.,Crossing with right of way,Normal, , , ,Yes, ,Yes, , ,, , , , , , , ,14,,,77,,248
-79.39219,43.638445,6280489,1202989,2010,2010-11-19T05:00:00.000Z,744,7,LOWER SPADINA AVE,LAKE SHORE BLVD W, ,Expressway,Toronto and East York,43.638445,-79.39219,Intersection,At Intersection,Traffic Signal,Clear,Daylight,Dry,Fatal,Cyclist Collisions,Cyclist,60 to 64,Fatal,36,East,Bicycle,Pulling Away from Shoulder or Curb, , , , , ,"Cyclist without ROW rides into path of motorist at inter, lnwy, dwy-Cyclist not turn.",Disobeyed Traffic Control,Normal, ,Yes, , , ,, , , , , , , ,"14,52",,,77,,249
-79.39019,43.671345,5365581,1040891,2008,2008-05-30T04:00:00.000Z,746,7,BAY ST,YORKVILLE AVE, ,Major Arterial,Toronto and East York,43.671345,-79.39019,Intersection, ,Traffic Signal,Clear,Daylight,Dry,Fatal,Pedestrian Collisions,Pedestrian,70 to 74,Fatal,22,East,Other, , , ,Pedestrian involved in a collision with transit vehicle anywhere along roadway,Crossing without right of way,Unknown, , , ,Yes, ,Yes, , ,, , , , , , , ,53,,,95,,250
-79.29219,43.782345,7560299,1332258,2012,2012-12-20T05:00:00.000Z,748,7,SHEPPARD AVE E,ALLANFORD RD, ,Major Arterial,Scarborough,43.782345,-79.29219,Mid-Block, ,No Control,Clear,Daylight,Dry,Fatal,Pedestrian Collisions,Pedestrian,65 to 69,Fatal,43,Unknown,Other, , , ,Pedestrian hit at mid-block,"Crossing, no Traffic Control",Normal, , , ,Yes, ,Yes, , ,, , , , , , , ,42,,,118,,251
-79.436343,43.651801,80229109,5000144020,2015,2015-01-25T05:00:00.000Z,756,7,COLLEGE ST,BROCK AVE,2 m West of,Minor Arterial,Toronto and East York,43.651801,-79.436343,Intersection,At Intersection,Traffic Signal,Clear,Daylight,Dry,Fatal,Pedestrian Collisions,Pedestrian,55 to 59,Fatal,2,South, , , , ,Vehicle turns left while ped crosses with ROW at inter.,Crossing with right of way,Medical or Physical Disability, , , ,Yes, ,Yes, , ,, , , ,Yes, , , ,11,,,84,,252
-79.532726,43.696154,7853644,1371244,2013,2013-08-19T04:00:00.000Z,759,7,ROYAL YORK RD,LAWRENCE AVE W, ,Minor Arterial,Etobicoke York,43.696154,-79.532726,Intersection, ,Traffic Signal,Clear,Daylight,Dry,Fatal,Angle,Driver,60 to 64,Fatal,33,East,"Automobile, Station Wagon",Going Ahead,Driving Properly,Normal, , , , , , , , ,Yes, , ,, ,Yes,Yes,Yes,Yes, , ,23,,,8,,253
-79.499591,43.753844,7858870,1373498,2013,2013-09-03T04:00:00.000Z,800,8,SENTINEL RD,LAMBERTON BLVD, ,Collector,Etobicoke York,43.753844,-79.499591,Intersection,At Intersection,Stop Sign,Clear,Daylight,Dry,Fatal,Pedestrian Collisions,Pedestrian,10 to 14,Fatal,37,West, , , , ,Vehicle turns left while ped crosses with ROW at inter.,Crossing with right of way,Normal, , , ,Yes, , , ,Yes,, , , ,Yes, , , ,31,,,27,,254
-79.334277,43.666098,80943473,8000880741,2018,2018-05-16T04:00:00.000Z,800,8,JONES AVE,DUNDAS ST E, ,Minor Arterial,Toronto and East York,43.666098,-79.334277,Intersection,At Intersection,Traffic Signal,Clear,Daylight,Dry,Fatal,Cyclist Collisions,Cyclist,50 to 54,Fatal,25,West,Bicycle,Going Ahead, , , , , ,Motorist turning right on green or amber at signalized intersection strikes cyclist.,Driving Properly,Normal, ,Yes, , ,Yes,, , , ,Yes, , , ,55,,,70,,255
-79.31689,43.821345,7412070,1292918,2012,2012-05-07T04:00:00.000Z,801,8,STEELES AVE E,BIRCHMOUNT RD, ,Major Arterial,Scarborough,43.821345,-79.31689,Intersection,At Intersection,Traffic Signal,Clear,Daylight,Dry,Fatal,Pedestrian Collisions,Pedestrian,30 to 34,Fatal,13,South,Other, , , ,Vehicle is going straight thru inter.while ped cross with ROW,Crossing with right of way,Normal, , , ,Yes, ,Yes, , ,, ,Yes, , , , , ,42,,,116,,256
-79.49899,43.697345,5404091,1057892,2008,2008-09-10T04:00:00.000Z,806,8,TRETHEWEY DR,TEDDER ST, ,Minor Arterial,Etobicoke York,43.697345,-79.49899,Intersection,At Intersection,No Control,Clear,Daylight,Dry,Fatal,Cyclist Collisions,Cyclist,50 to 54,Fatal,39,West,Bicycle, , , , , , ,Motorist turned left across cyclists path.,Driving Properly,Normal, ,Yes,Yes, , ,, , ,Yes,Yes, , , ,12,,,30,,257
-79.211902,43.777968,8000220,143234908,2014,2014-11-04T05:00:00.000Z,807,8,ORTON PARK RD,SLAN AVE, ,Minor Arterial,Scarborough,43.777968,-79.211902,Mid-Block, ,No Control,Clear,Daylight,Dry,Fatal,SMV Other,Driver,25 to 29,Fatal,37,North,"Automobile, Station Wagon",Going Ahead,Lost control,Unknown, , , , , , , , ,Yes, , ,, , ,Yes,Yes, , , ,43,,,135,,258
-79.37259,43.663245,7456387,1311644,2012,2012-08-25T04:00:00.000Z,810,8,CARLTON ST,SHERBOURNE ST, ,Minor Arterial,Toronto and East York,43.663245,-79.37259,Mid-Block, ,No Control,Clear,Daylight,Dry,Fatal,Pedestrian Collisions,Pedestrian,60 to 64,Fatal,28,North,Other, , , ,Pedestrian hit at mid-block,Coming From Behind Parked Vehicle,Unknown, , , ,Yes, ,Yes, , ,, , , , , , , ,51,,,73,,259
-79.304355,43.77949,80566635,6002021851,2016,2016-11-14T05:00:00.000Z,814,8,ARAGON AVE,SHEPPARD AVE E, ,Major Arterial,Scarborough,43.77949,-79.304355,Intersection,At Intersection,Traffic Signal,Clear,Daylight,Dry,Fatal,Pedestrian Collisions,Pedestrian,75 to 79,Fatal,72,East, , , , ,Vehicle turns right while ped crosses with ROW at inter.,Crossing with right of way,Normal, , , ,Yes, ,Yes, , ,, , , ,Yes, , , ,42,,,118,,260
-79.15869,43.788645,5425836,1067364,2008,2008-10-31T04:00:00.000Z,817,8,HIGHWAY 2A  E,LAWSON RD, ,Expressway,Scarborough,43.788645,-79.15869,Mid-Block, ,No Control,Clear,Daylight,Dry,Fatal,SMV Other,Driver,55 to 59,Fatal,50,East,"Automobile, Station Wagon",Going Ahead,Driving Properly,Medical or Physical Disability, , , , , , , , ,Yes, , ,, , , , , , ,Yes,43,,,133,,261
-79.45589,43.662445,6221252,1202173,2010,2010-11-17T05:00:00.000Z,818,8,DUNDAS ST W,KENNETH AVE, ,Minor Arterial,Toronto and East York,43.662445,-79.45589,Intersection, ,No Control,Rain,Daylight,Wet,Fatal,Pedestrian Collisions,Pedestrian,50 to 54,Fatal,35,West,Other, , , ,Vehicle is going straight thru inter.while ped cross without ROW,"Crossing, no Traffic Control",Unknown, , , ,Yes, , , ,Yes,, , , , , , , ,11,,,88,,262
-79.389987,43.658744,6150246,1171997,2010,2010-06-06T04:00:00.000Z,822,8,UNIVERSITY AVE,ORDE ST, ,Major Arterial,Toronto and East York,43.658744,-79.389987,Intersection, ,No Control,Rain,Daylight,Wet,Fatal,Pedestrian Collisions,Pedestrian,40 to 44,Fatal,22,West,Other, , , ,Vehicle is going straight thru inter.while ped cross without ROW,"Crossing, no Traffic Control",Unknown, , , ,Yes, , , , ,, , , , , , , ,52,,,76,,263
-79.340846,43.727645,80496869,5000851624,2015,2015-05-22T04:00:00.000Z,822,8,DON MILLS RD,GREEN BELT DR, ,Major Arterial,North York,43.727645,-79.340846,Intersection,Intersection Related,Traffic Signal,Clear,Daylight,Dry,Fatal,Pedestrian Collisions,Pedestrian,45 to 49,Fatal,22,Unknown, , , , ,Pedestrian hit on sidewalk or shoulder,On Sidewalk or Shoulder,Normal, , , ,Yes, ,Yes, , ,, , , ,Yes, , , ,33,,,42,,264
-79.382312,43.679423,80000143,5000832268,2015,2015-05-19T04:00:00.000Z,823,8,ROXBOROUGH ST E,WRENTHAM PL, ,Collector,Toronto and East York,43.679423,-79.382312,Intersection, ,Stop Sign,Clear,"Daylight, artificial",Dry,Fatal,Cyclist Collisions,Cyclist,75 to 79,Fatal,26,North,Bicycle,Turning Left, , , , , ,Cyclist turned left across motorists path.,Improper Turn,Unknown, ,Yes,Yes, , ,, , , , , , , ,53,,,98,,265
-79.424945,43.699485,80492721,5001954714,2015,2015-11-14T05:00:00.000Z,825,8,1996 BATHURST ST, , ,Major Arterial,Toronto and East York,43.699485,-79.424945,Mid-Block,Non Intersection,No Control,Clear,Daylight,Dry,Fatal,Pedestrian Collisions,Pedestrian,85 to 89,Fatal,65, ,"Automobile, Station Wagon", , , ,Pedestrian hit at parking lot,Other,Normal, , , ,Yes, ,Yes, , ,, , , , , , , ,13,,,101,,266
-79.357845,43.675116,80000031,142300273,2014,2014-06-16T04:00:00.000Z,827,8,BROADVIEW AVE,FAIRVIEW BLVD, ,Minor Arterial,Toronto and East York,43.675116,-79.357845,Mid-Block, ,No Control,Rain,Daylight,Wet,Fatal,SMV Other,Motorcycle Driver,45 to 49,Fatal,12,North,Motorcycle,Going Ahead,Driving Properly,Unknown, , , , , , , , , ,Yes, ,, , , , , , , ,55,,,68,,267
-79.56239,43.627345,6591881,1216987,2011,2011-02-10T05:00:00.000Z,828,8,DUNDAS ST W,NEILSON DR, ,Major Arterial,Etobicoke York,43.627345,-79.56239,Intersection,At Intersection,Traffic Signal,Clear,Daylight,Dry,Fatal,Pedestrian Collisions,Pedestrian,55 to 59,Fatal,5,South,Other, , , ,Vehicle turns left while ped crosses with ROW at inter.,Crossing with right of way,Normal, , , ,Yes, ,Yes, , ,, ,Yes, ,Yes, , , ,22,,,12,,268
-79.44449,43.710745,7462428,1314296,2012,2012-09-11T04:00:00.000Z,840,8,GLENGROVE AVE,MARLEE AVE, ,Minor Arterial,North York,43.710745,-79.44449,Intersection,At Intersection,Stop Sign,Clear,Daylight,Dry,Fatal,Angle,Motorcycle Driver,20 to 24,Fatal,30,North,Motorcycle,Going Ahead,Speed too Fast For Condition,Normal, , , , , , , , ,Yes,Yes, ,, , ,Yes,Yes, , , ,13,,,31,,269
-79.560214,43.621218,80787040,7001983024,2017,2017-11-02T04:00:00.000Z,840,8,161 THE WEST MALL, , ,Minor Arterial,Etobicoke York,43.621218,-79.560214,Mid-Block,Non Intersection,No Control, ,Daylight, ,Fatal,Approaching,Driver,35 to 39,Fatal,52,North,"Automobile, Station Wagon",Going Ahead,Lost control,Normal, , , , , , , , ,Yes, , ,, , ,Yes,Yes, , , ,22,,,14,,270
-79.446666,43.788577,8000211,143507481,2014,2014-12-18T05:00:00.000Z,843,8,6030 BATHURST ST, , ,Major Arterial,North York,43.788577,-79.446666,Mid-Block, ,No Control,Clear,Daylight,Dry,Fatal,Pedestrian Collisions,Pedestrian,75 to 79,Fatal,50,East, , , , ,Pedestrian hit at mid-block,Running onto Roadway,Inattentive, , , ,Yes, ,Yes, , ,, ,Yes, , , , , ,32,,,36,,271
-79.44049,43.792445,5048469,1137250,2009,2009-11-17T05:00:00.000Z,845,8,GREENWIN VILLAGE RD,VILLAGE GT, ,Collector,North York,43.792445,-79.44049,Intersection,At Intersection,Stop Sign,Clear,Daylight,Dry,Fatal,Pedestrian Collisions,Pedestrian,65 to 69,Fatal,40,North,Other, , , ,Vehicle turns left while ped crosses without ROW at inter.,"Crossing, no Traffic Control",Normal, , , ,Yes, ,Yes, , ,, , , , , , , ,32,,,36,,272
-79.438045,43.634032,7887169,1385611,2013,2013-09-30T04:00:00.000Z,857,8,LAKE SHORE BLVD W,NET DR, ,Expressway,Toronto and East York,43.634032,-79.438045,Intersection, ,No Control,Clear,Daylight,Dry,Fatal,Turning Movement,Passenger,55 to 59,Fatal,46, , , , , , , , , , , , , ,Yes, , ,, ,Yes, , , , , ,14,,,85,,273
-79.411693,43.712046,7808627,1351850,2013,2013-04-16T04:00:00.000Z,900,9,HILLHURST BLVD,AVENUE RD, ,Major Arterial,North York,43.712046,-79.411693,Intersection,At Intersection,Traffic Signal,Clear,Daylight,Dry,Fatal,SMV Other,Driver,55 to 59,Fatal,11,East,"Automobile, Station Wagon",Going Ahead,Lost control,Medical or Physical Disability, , , , , , , , ,Yes, , ,, ,Yes, , , , ,Yes,53,,,103,,274
-79.49449,43.781545,5808324,1134244,2009,2009-10-31T04:00:00.000Z,901,9,KEELE ST,STEELES AVE W, ,Major Arterial,North York,43.781545,-79.49449,Intersection,At Intersection,Traffic Signal,Rain,Daylight,Wet,Fatal,Turning Movement,Driver,15 to 19,Fatal,38,South,"Automobile, Station Wagon",Going Ahead,Disobeyed Traffic Control,Inattentive, , , , , , , , ,Yes, , ,, ,Yes, ,Yes,Yes, , ,31,,,27,,275
-79.352275,43.793151,80503035,6000530490,2016,2016-03-29T04:00:00.000Z,901,9,FINCH AVE E,SKYMARK DR, ,Major Arterial,North York,43.793151,-79.352275,Intersection,Intersection Related,Traffic Signal,Clear,Daylight,Dry,Fatal,Pedestrian Collisions,Pedestrian,75 to 79,Fatal,19,North, , , , ,Vehicle turns left while ped crosses without ROW at inter.,"Crossing, no Traffic Control",Normal, , , ,Yes, ,Yes, , ,, , , , , , , ,33,,,47,,276