X,Y,Index_,ACCNUM,YEAR,DATE,TIME,Hour,STREET1,STREET2,OFFSET,ROAD_CLASS,District,LATITUDE,LONGITUDE,LOCCOORD,ACCLOC,TRAFFCTL,VISIBILITY,LIGHT,RDSFCOND,ACCLASS,IMPACTYPE,INVTYPE,INVAGE,INJURY,FATAL_NO,INITDIR,VEHTYPE,MANOEUVER,DRIVACT,DRIVCOND,PEDTYPE,PEDACT,PEDCOND,CYCLISTYPE,CYCACT,CYCCOND,PEDESTRIAN,CYCLIST,AUTOMOBILE,MOTORCYCLE,TRUCK,TRSN_CITY_VEH,EMERG_VEH,PASSENGER,SPEEDING,AG_DRIV,REDLIGHT,ALCOHOL,DISABILITY,Division,Ward_Name,Ward_ID,Hood_ID,Hood_Name,ObjectId
-79.33849,43.693845,6661295,1247766,2011,2011-08-05T04:00:00.000Z,902,9,GREENWOOD AVE,PLAINS RD, ,Collector,Toronto and East York,43.693845,-79.33849,Intersection,At Intersection,Stop Sign,Clear,Daylight,Dry,Fatal,Cyclist Collisions,Cyclist,80 to 84,Fatal,16,West,Bicycle,Going Ahead, , , , , ,"Motorist without ROW drives into path of cyclist at inter, lnwy, dwy-Driver not turn.",Driving Properly,Normal, ,Yes,Yes, , ,, , , ,Yes, , , ,54,,,58,,277
-79.42094,43.708262,80503082,6000595012,2016,2016-04-08T04:00:00.000Z,902,9,ST CLEMENTS AVE,CALDOW RD, ,Local,North York,43.708262,-79.42094,Intersection,Intersection Related,Stop Sign,Clear,Daylight,Dry,Fatal,Angle,Driver,35 to 39,Fatal,21,East,"Automobile, Station Wagon",Going Ahead,Disobeyed Traffic Control,Unknown, , , , , , , , ,Yes, , ,, , ,Yes,Yes, , , ,53,,,102,,278
-79.54669,43.697045,7527221,1277329,2012,2012-01-26T05:00:00.000Z,903,9,DIXON RD,ISLINGTON AVE, ,Major Arterial,Etobicoke York,43.697045,-79.54669,Intersection,At Intersection,Traffic Signal,Clear,Daylight,Wet,Fatal,Turning Movement,Passenger,65 to 69,Fatal,3, ,Other, , , , , , , , , , , ,Yes, , ,, ,Yes, ,Yes, , , ,23,,,6,,279
-79.352275,43.793151,80546834,6001466377,2016,2016-08-19T04:00:00.000Z,904,9,FINCH AVE E,SKYMARK DR, ,Major Arterial,North York,43.793151,-79.352275,Intersection,Intersection Related,Traffic Signal,Clear,Daylight,Dry,Fatal,Pedestrian Collisions,Pedestrian,80 to 84,Fatal,53,North, , , , ,Pedestrian hit at mid-block,"Crossing, no Traffic Control",Other, , , ,Yes, ,Yes, , ,, ,Yes, , , , , ,33,,,47,,280
-79.431827,43.63795,80784510,7001855401,2017,2017-10-18T04:00:00.000Z,906,9,COWAN AVE,KING  ST W, ,Major Arterial,Toronto and East York,43.63795,-79.431827,Intersection,At Intersection,Stop Sign,Clear,Daylight,Dry,Fatal,Cyclist Collisions,Cyclist,35 to 39,Fatal,50,East,Bicycle,Going Ahead, , , , , ,"Motorist without ROW drives into path of cyclist at inter, lnwy, dwy-Driver not turn.",Driving Properly,Normal, ,Yes,Yes, , ,, , , ,Yes, , , ,14,,,85,,281
-79.40369,43.647745,7435183,1302903,2012,2012-07-09T04:00:00.000Z,907,9,ACE LANE,WOLSELEY ST, ,Local,Toronto and East York,43.647745,-79.40369,Mid-Block,At Intersection,No Control,Clear,Daylight,Dry,Fatal,SMV Other,Passenger,80 to 84,Fatal,20, ,Other, , , , , , , , , , , ,Yes, , ,, ,Yes, , , , , ,14,,,78,,282
-79.49949,43.666945,5371850,1043747,2008,2008-06-18T04:00:00.000Z,909,9,SCARLETT RD,BERNICE CRES, ,Minor Arterial,Etobicoke York,43.666945,-79.49949,Intersection,At Intersection,Pedestrian Crossover,Clear,Daylight,Dry,Fatal,Pedestrian Collisions,Pedestrian,85 to 89,Fatal,25,East,Other, , , ,Pedestrian hit a PXO/ped. Mid-block signal,"Crossing, Pedestrian Crossover",Normal, , , ,Yes, ,Yes, , ,, , , ,Yes, , , ,12,,,111,,283
-79.348491,43.666346,5807227,1094299,2009,2009-03-13T04:00:00.000Z,914,9,GERRARD ST E,DE GRASSI ST, ,Minor Arterial,Toronto and East York,43.666346,-79.348491,Intersection,At Intersection,Pedestrian Crossover,Other,Daylight,Other,Fatal,Pedestrian Collisions,Pedestrian,85 to 89,Fatal,8,South,Other, , , ,Pedestrian involved in a collision with transit vehicle anywhere along roadway,"Crossing, Pedestrian Crossover",Normal, , , ,Yes, , , , ,, , , ,Yes, , , ,55,,,70,,284
-79.254787,43.706175,80950058,8001440552,2018,2018-08-06T04:00:00.000Z,914,9,CLAREMORE AVE,CRAIGLEE DR, ,Local,Scarborough,43.706175,-79.254787,Intersection,At Intersection,Stop Sign,Clear,Daylight,Dry,Fatal,Pedestrian Collisions,Wheelchair,80 to 84,Fatal,42,East, ,Going Ahead, , ,Vehicle is going straight thru inter.while ped cross with ROW,Crossing with right of way,Unknown, , , ,Yes, ,Yes, , ,, , , ,Yes, , , ,41,,,122,,285
-79.54289,43.688645,6152497,1172992,2010,2010-06-12T04:00:00.000Z,916,9,ISLINGTON AVE,THE WESTWAY, ,Major Arterial,Etobicoke York,43.688645,-79.54289,Intersection,At Intersection,Traffic Signal,Clear,Daylight,Dry,Fatal,Angle,Driver,25 to 29,Fatal,21,East,"Automobile, Station Wagon",Going Ahead,Driving Properly,Unknown, , , , , , , , ,Yes, , ,, , , ,Yes,Yes, , ,23,,,6,,286
-79.51249,43.685545,5334475,1026843,2008,2008-03-09T05:00:00.000Z,920,9,SCARLETT RD,RICHVIEW RD, ,Major Arterial,Etobicoke York,43.685545,-79.51249,Intersection, ,Stop Sign,Clear,Daylight,Packed Snow,Fatal,Turning Movement,Driver,85 to 89,Fatal,11,East,"Automobile, Station Wagon",Turning Left,Failed to Yield Right of Way,Unknown, , , , , , , , ,Yes, , ,, ,Yes, ,Yes, , , ,23,,,8,,287
-79.540073,43.636099,80485259,6000164025,2016,2016-01-28T05:00:00.000Z,925,9,DUNDAS ST W,POPLAR AVE, ,Major Arterial,Etobicoke York,43.636099,-79.540073,Intersection,At Intersection,Traffic Signal,Clear,Daylight,Dry,Fatal,Pedestrian Collisions,Pedestrian,45 to 49,Fatal,10,South, , , , ,Pedestrian involved in a collision with transit vehicle anywhere along roadway,Crossing with right of way,Normal, , , ,Yes, , , , ,, , , ,Yes, , , ,22,,,14,,288
-79.44399,43.636445,5426990,1067883,2008,2008-11-03T05:00:00.000Z,930,9,1491 LAKE SHORE BLVD W, , ,Major Arterial,Toronto and East York,43.636445,-79.44399,Mid-Block, ,No Control,Clear,Daylight,Dry,Fatal,SMV Other,Passenger,90 to 94,Fatal,51, ,Other, , , , , , , , , , , ,Yes, , ,, ,Yes, , , , , ,14,,,85,,289
-79.410945,43.704074,80493599,5002027343,2015,2015-11-26T05:00:00.000Z,934,9,EGLINTON AVE W,ELMSTHORPE AVE, ,Major Arterial,Toronto and East York,43.704074,-79.410945,Intersection,At Intersection,No Control,Clear,Daylight,Dry,Fatal,Pedestrian Collisions,Pedestrian,85 to 89,Fatal,59,West, , , , ,Vehicle turns left while ped crosses with ROW at inter.,Crossing with right of way,Normal, , , ,Yes, ,Yes, , ,, , , ,Yes, , , ,53,,,100,,290
-79.307048,43.823569,80944444,8000967424,2018,2018-05-29T04:00:00.000Z,934,9,STEELES AVE E,KENNEDY RD, ,Major Arterial,Scarborough,43.823569,-79.307048,Intersection,Intersection Related,No Control,Clear,Daylight,Dry,Fatal,Other,Passenger,80 to 84,Fatal,29, , , , , , , , , , , , , , , , ,, ,Yes, , , , , ,42,,,116,,291
-79.21779,43.738145,5796401,1143989,2009,2009-12-23T05:00:00.000Z,935,9,KINGSTON RD,MARKHAM RD, ,Major Arterial,Scarborough,43.738145,-79.21779,Mid-Block,At Intersection,No Control,Clear,Daylight,Dry,Fatal,Sideswipe,Driver,80 to 84,Fatal,47,East,"Automobile, Station Wagon",Changing Lanes,Lost control,Medical or Physical Disability, , , , , , , , ,Yes, , ,, , , , , , ,Yes,43,,,139,,292
-79.402156,43.725032,80877083,8000874551,2018,2018-05-15T04:00:00.000Z,935,9,YONGE ST,LAWRENCE AVE E, ,Major Arterial,North York,43.725032,-79.402156,Intersection,At Intersection,Traffic Signal, ,Daylight, ,Fatal,Pedestrian Collisions,Pedestrian,70 to 74,Fatal,24,Unknown, , , , ,Vehicle turns right while ped crosses with ROW at inter.,Crossing with right of way, , , , ,Yes, ,Yes, , ,, , , ,Yes, , , ,"32,53",,,103,,293
-79.467212,43.751868,8000010,3001005166,2013,2013-11-20T05:00:00.000Z,937,9,SHEPPARD AVE W,KODIAK CRES, ,Major Arterial,North York,43.751868,-79.467212,Intersection, ,Traffic Signal,Clear,Daylight,Dry,Fatal,Cyclist Collisions,Cyclist,20 to 24,Fatal,54,West,Bicycle,Going Ahead, , , , , ,"Motorist without ROW drives into path of cyclist at inter, lnwy, dwy-Driver not turn.",Driving Properly,Normal, ,Yes,Yes, , ,, , ,Yes,Yes,Yes, , ,32,,,26,,294
-79.41639,43.779545,7455132,1311119,2012,2012-08-21T04:00:00.000Z,940,9,FINCH AVE W,YONGE ST, ,Major Arterial,North York,43.779545,-79.41639,Mid-Block,At Intersection,No Control,Clear,Daylight,Dry,Fatal,Pedestrian Collisions,Pedestrian,45 to 49,Fatal,25,North,Other, , , ,Pedestrian hit at mid-block,"Crossing, no Traffic Control",Unknown, , , ,Yes, ,Yes, , ,, ,Yes, , , , , ,32,,,37,,295
-79.39149,43.782045,7462017,1314089,2012,2012-09-10T04:00:00.000Z,943,9,3133 BAYVIEW AVE,BYNG AVE, ,Major Arterial,North York,43.782045,-79.39149,Intersection, ,No Control,Clear,Daylight,Dry,Fatal,Pedestrian Collisions,Pedestrian,75 to 79,Fatal,29,West,Other, , , ,Pedestrian hit at mid-block,Walking on Roadway Against Traffic,Normal, , , ,Yes, ,Yes, , ,, , , ,Yes, , , ,"33,32",,,52,,296
-79.562267,43.747714,80793690,8000206699,2018,2018-02-02T05:00:00.000Z,943,9,FINCH AVE W,ARDWICK BLVD, ,Major Arterial,Etobicoke York,43.747714,-79.562267,Intersection,At Intersection,Traffic Signal,Clear,Daylight,Dry,Fatal,Pedestrian Collisions,Pedestrian,70 to 74,Fatal,9,North, , , , ,Vehicle turns left while ped crosses with ROW at inter.,Crossing with right of way,Normal, , , ,Yes, ,Yes, , ,, , , ,Yes, , , ,31,,,22,,297
-79.272052,43.742171,8000222,143440580,2014,2014-12-07T05:00:00.000Z,944,9,KENNEDY RD,RANSTONE GDNS, ,Major Arterial,Scarborough,43.742171,-79.272052,Intersection, ,Traffic Signal,Clear,Daylight,Dry,Fatal,Approaching,Driver,80 to 84,Fatal,46,South,"Automobile, Station Wagon",Going Ahead,Lost control,Unknown, , , , , , , , ,Yes, , ,, , , , , , , ,41,,,125,,298
-79.446491,43.715644,5792840,1121624,2009,2009-08-27T04:00:00.000Z,947,9,LAWRENCE AVE W,MARLEE AVE, ,Major Arterial,North York,43.715644,-79.446491,Intersection,At Intersection,Traffic Signal,Clear,Daylight,Dry,Fatal,Pedestrian Collisions,Pedestrian,85 to 89,Fatal,22,South,Other, , , ,Vehicle turns left while ped crosses with ROW at inter.,Crossing with right of way,Normal, , , ,Yes, ,Yes, , ,, , , ,Yes, , , ,"32,13",,,31,,299
-79.288913,43.672747,80504003,6000755736,2016,2016-05-03T04:00:00.000Z,948,9,3 SPRUCE HILL RD, , ,Local,Toronto and East York,43.672747,-79.288913,Mid-Block,Non Intersection,No Control,Clear,Daylight,Dry,Fatal,Pedestrian Collisions,Pedestrian,65 to 69,Fatal,30,Unknown, , , , ,Pedestrian hit at parking lot,Other,Normal, , , ,Yes, ,Yes, , ,, , , , , , , ,55,,,63,,300
-79.390872,43.779303,80756919,7000961019,2017,2017-05-31T04:00:00.000Z,950,9,BAYVIEW AVE,BURLEIGH HEIGHTS DR, ,Major Arterial,North York,43.779303,-79.390872,Intersection,At Intersection,No Control,Clear,Daylight,Dry,Fatal,Pedestrian Collisions,Pedestrian,15 to 19,Fatal,25,West, , , , ,Vehicle is going straight thru inter.while ped cross without ROW,"Crossing, no Traffic Control",Normal, , , ,Yes, ,Yes, , ,, , , , , , , ,"33,32",,,52,,301
-79.354724,43.792651,80000079,6000441684,2016,2016-03-14T04:00:00.000Z,952,9,DON MILLS RD,FINCH AVE E, ,Major Arterial,North York,43.792651,-79.354724,Intersection,At Intersection,Traffic Signal,Rain,Daylight,Wet,Fatal,Angle,Passenger,55 to 59,Fatal,17, , , , , , , , , , , , , ,Yes, , ,, ,Yes, ,Yes,Yes, , ,33,,,47,,302
-79.413997,43.789603,80485352,6000243323,2016,2016-02-10T05:00:00.000Z,954,9,WEDGEWOOD DR,TOBRUK CRES, ,Local,North York,43.789603,-79.413997,Intersection, ,Stop Sign,Clear,Daylight,Wet,Fatal,Pedestrian Collisions,Pedestrian,80 to 84,Fatal,12,West, , , , ,Pedestrian hit on sidewalk or shoulder,On Sidewalk or Shoulder,Normal, , , ,Yes, ,Yes, , ,, , ,Yes,Yes, , , ,32,,,50,,303
-79.509639,43.7396,80681738,7000395986,2017,2017-03-04T05:00:00.000Z,1001,10,SHEPPARD AVE W,MAGELLAN DR, ,Major Arterial,North York,43.7396,-79.509639,Intersection,At Intersection,Traffic Signal,Clear,Daylight,Dry,Fatal,Pedestrian Collisions,Pedestrian,5 to 9,Fatal,11,North, , , , ,Vehicle is going straight thru inter.while ped cross with ROW,Crossing with right of way,Normal, , , ,Yes, ,Yes, , ,, , , ,Yes,Yes, , ,31,,,25,,304
-79.42689,43.661745,6588942,1215284,2011,2011-01-29T05:00:00.000Z,0,0,BLOOR ST W,CONCORD AVE, ,Major Arterial,Toronto and East York,43.661745,-79.42689,Intersection,At Intersection,No Control,Clear,Dark,Dry,Fatal,Pedestrian Collisions,Pedestrian,60 to 64,Fatal,3,East,Other, , , ,Pedestrian involved in a collision with transit vehicle anywhere along roadway,Crossing with right of way,Had Been Drinking, , , ,Yes, , , , ,, , , ,Yes, , , ,14,,,93,,305
-79.347888,43.774943,7846800,1368270,2013,2013-07-28T04:00:00.000Z,1,0,SHEPPARD AVE E,DON MILLS RD, ,Major Arterial,North York,43.774943,-79.347888,Mid-Block, ,No Control,Rain,"Dark, artificial",Wet,Fatal,Pedestrian Collisions,Pedestrian,80 to 84,Fatal,26,South, , , , ,Pedestrian hit at mid-block,"Crossing, no Traffic Control",Inattentive, , , ,Yes, ,Yes, , ,, ,Yes, , , , , ,33,,,47,,306
-79.561664,43.645896,80489774,5001661734,2015,2015-09-26T04:00:00.000Z,1,0,BURNHAMTHORPE RD,427 C N BURNHAMTHORPE RAMP, ,Expressway,Etobicoke York,43.645896,-79.561664,Intersection,At Intersection,Traffic Signal,Clear,"Dark, artificial",Dry,Fatal,Turning Movement,Driver,30 to 34,Fatal,47,East,"Automobile, Station Wagon",Going Ahead,Disobeyed Traffic Control,"Ability Impaired, Alcohol", , , , , , , , ,Yes, , ,, , ,Yes,Yes,Yes,Yes, ,22,,,14,,307
-79.33239,43.807745,5371156,1043405,2008,2008-06-14T04:00:00.000Z,5,0,3440 PHARMACY AVE, , ,Minor Arterial,Scarborough,43.807745,-79.33239,Mid-Block, ,No Control,Rain,Dark,Wet,Fatal,Pedestrian Collisions,Pedestrian,25 to 29,Fatal,23,East,Other, , , ,Pedestrian hit at mid-block,"Crossing, no Traffic Control",Unknown, , , ,Yes, ,Yes, , ,, , , ,Yes, , , ,42,,,116,,308
-79.33239,43.807745,5371157,1043405,2008,2008-06-14T04:00:00.000Z,5,0,3440 PHARMACY AVE, , ,Minor Arterial,Scarborough,43.807745,-79.33239,Mid-Block, ,No Control,Rain,Dark,Wet,Fatal,Pedestrian Collisions,Pedestrian,25 to 29,Fatal,24,East,Other, , , ,Pedestrian hit at mid-block,"Crossing, no Traffic Control",Unknown, , , ,Yes, ,Yes, , ,, , , ,Yes, , , ,42,,,116,,309
-79.528835,43.626292,80502529,5001136090,2015,2015-07-06T04:00:00.000Z,8,0,KIPLING AVE,JUTLAND RD, ,Major Arterial,Etobicoke York,43.626292,-79.528835,Intersection,Intersection Related,No Control,Clear,"Dark, artificial",Dry,Fatal,Turning Movement,Motorcycle Driver,25 to 29,Fatal,33,North,Motorcycle,Going Ahead,Exceeding Speed Limit,Unknown, , , , , , , , ,Yes,Yes, ,, ,Yes,Yes,Yes, , , ,22,,,14,,310
-79.30459,43.743245,6107407,1153073,2010,2010-02-15T05:00:00.000Z,9,0,LAWRENCE AVE E,PHARMACY AVE, ,Major Arterial,Scarborough,43.743245,-79.30459,Intersection, ,Traffic Signal,Clear,Dark,Dry,Fatal,Turning Movement,Driver,25 to 29,Fatal,10,West,"Automobile, Station Wagon",Turning Left,Driving Properly,Normal, , , , , , , , ,Yes, , ,, ,Yes, , , , , ,41,,,119,,311
-79.28869,43.704645,6914924,1153473,2010,2010-02-18T05:00:00.000Z,18,0,PHARMACY AVE,ST BEDES RD, ,Minor Arterial,Scarborough,43.704645,-79.28869,Intersection,At Intersection,No Control,Clear,Dark,Wet,Fatal,SMV Other,Passenger,15 to 19,Fatal,11, ,Other, , , , , , , , , , , ,Yes, , ,, ,Yes,Yes,Yes, , , ,41,,,120,,312
-79.53622,43.753218,80877067,8000722475,2018,2018-04-23T04:00:00.000Z,20,0,FINCH AVE W,SIGNET DR, ,Major Arterial,Etobicoke York,43.753218,-79.53622,Intersection,At Intersection,Traffic Signal,Clear,"Dark, artificial",Dry,Fatal,Angle,Driver,40 to 44,Fatal,21,West,"Automobile, Station Wagon",Going Ahead,Disobeyed Traffic Control,Normal, , , , , , , , ,Yes, , ,, , ,Yes,Yes,Yes, , ,31,,,22,,313
-79.507922,43.759272,80497075,5000976277,2015,2015-06-11T04:00:00.000Z,24,0,FINCH AVE W,TOBERMORY DR, ,Major Arterial,Etobicoke York,43.759272,-79.507922,Intersection,At Intersection,Traffic Signal,Clear,"Dark, artificial",Dry,Fatal,Cyclist Collisions,Cyclist,40 to 44,Fatal,28,West,Bicycle,Going Ahead, , , , , ,Cyclist and Driver travelling in same direction. One vehicle rear-ended the other.,Driving Properly,Unknown, ,Yes,Yes, , ,, , ,Yes,Yes, ,Yes, ,31,,,25,,314
-79.519672,43.604773,80632485,7000303904,2017,2017-02-18T05:00:00.000Z,29,0,KIPLING AVE,NEW TORONTO ST,112 m North,Major Arterial,Etobicoke York,43.604773,-79.519672,Mid-Block,Underpass or Tunnel,No Control,Clear,"Dark, artificial",Dry,Fatal,SMV Other,Driver,30 to 34,Fatal,7,South,Pick Up Truck,Going Ahead,Failed to Yield Right of Way,Had Been Drinking, , , , , , , , ,Yes, , ,, ,Yes,Yes,Yes, , , ,22,,,17,,315
-79.367893,43.677146,5363175,1039861,2008,2008-05-24T04:00:00.000Z,30,0,BAYVIEW Aven,BLOOR Ramp, ,Major Arterial,Toronto and East York,43.677146,-79.367893,Mid-Block, ,No Control,Clear,Dark,Dry,Fatal,SMV Other,Motorcycle Driver,25 to 29,Fatal,21,North,Motorcycle,Going Ahead,Exceeding Speed Limit,Unknown, , , , , , , , , ,Yes, ,, , ,Yes,Yes, , , ,53,,,98,,316
-79.35139,43.658545,6099927,1149557,2010,2010-01-24T05:00:00.000Z,32,0,QUEEN ST E,MUNRO ST, ,Major Arterial,Toronto and East York,43.658545,-79.35139,Intersection,At Intersection,No Control,Clear,Dark,Dry,Fatal,Pedestrian Collisions,Pedestrian,35 to 39,Fatal,7,North,Other, , , ,Pedestrian involved in a collision with transit vehicle anywhere along roadway,"Crossing, no Traffic Control",Inattentive, , , ,Yes, , , , ,, , , , , , , ,55,,,70,,317
-79.247493,43.755103,80542289,6001039195,2016,2016-06-15T04:00:00.000Z,37,0,LAWRENCE AVE E,VALPARAISO AVE, ,Major Arterial,Scarborough,43.755103,-79.247493,Mid-Block,Non Intersection,No Control,Clear,"Dark, artificial",Dry,Fatal,Pedestrian Collisions,Pedestrian,70 to 74,Fatal,37,South, , , , ,Pedestrian hit at mid-block,"Crossing, no Traffic Control",Had Been Drinking, , , ,Yes, ,Yes, , ,, , , , , , , ,43,,,127,,318
-79.51949,43.694745,5380705,1047657,2008,2008-07-12T04:00:00.000Z,38,0,688 SCARLETT RD, , ,Major Arterial,Etobicoke York,43.694745,-79.51949,Intersection, ,No Control,Clear,Dark,Dry,Fatal,SMV Other,Driver,25 to 29,Fatal,31,South,"Automobile, Station Wagon",Overtaking,Exceeding Speed Limit,Unknown, , , , , , , , ,Yes, , ,, , ,Yes,Yes, , , ,23,,,8,,319
-79.542079,43.592673,80609330,7000125598,2017,2017-01-21T05:00:00.000Z,40,0,BROWNS LINE,LAKESHORE W BROWNS LI RAMP,20 m North,Major Arterial,Etobicoke York,43.592673,-79.542079,Mid-Block,Non Intersection,No Control,"Fog, Mist, Smoke, Dust","Dark, artificial",Wet,Fatal,SMV Other,Driver,20 to 24,Fatal,3,South,Delivery Van,Going Ahead,Lost control,Had Been Drinking, , , , , , , , ,Yes, , ,, , ,Yes,Yes, , , ,22,,,19,,320
-79.20592,43.749583,80790885,7003211588,2017,2017-12-17T05:00:00.000Z,41,0,KINGSTON RD,GUILDWOOD PKWY, ,Major Arterial,Scarborough,43.749583,-79.20592,Intersection,At Intersection,Traffic Signal,Other,Dark,Other,Fatal,SMV Other,Driver,50 to 54,Fatal,58,East, ,Going Ahead,Exceeding Speed Limit,Unknown, , , , , , , , , , , ,, , ,Yes,Yes, , , ,43,,,140,,321
-79.235263,43.757712,80488136,5001405584,2015,2015-08-16T04:00:00.000Z,42,0,BELLAMY RD N,LAWRENCE AVE E, ,Major Arterial,Scarborough,43.757712,-79.235263,Intersection,Intersection Related,Traffic Signal,Clear,"Dark, artificial",Dry,Fatal,Angle,Passenger,25 to 29,Fatal,38, , , , , , , , , , , , , ,Yes, , ,, ,Yes, ,Yes,Yes,Yes, ,43,,,137,,322
-79.267787,43.731745,7877499,1381541,2013,2013-10-20T04:00:00.000Z,45,0,KENNEDY RD,EGLINTON AVE E, ,Major Arterial,Scarborough,43.731745,-79.267787,Mid-Block, ,No Control,Clear,Dark,Dry,Fatal,Pedestrian Collisions,Pedestrian,20 to 24,Fatal,48,East, , , , ,Pedestrian hit at mid-block,"Crossing, no Traffic Control",Unknown, , , ,Yes, ,Yes, , ,, , , , , ,Yes, ,41,,,125,,323
-79.413097,43.777663,80948656,8001355778,2018,2018-07-25T04:00:00.000Z,45,0,DORIS AVE,HOLMES AVE,42 m South,Minor Arterial,North York,43.777663,-79.413097,Mid-Block,Non Intersection,No Control,Clear,"Dark, artificial",Wet,Fatal,SMV Other,Driver,20 to 24,Fatal,36,North,"Automobile, Station Wagon",Going Ahead,Exceeding Speed Limit,Unknown, , , , , , , , ,Yes, , ,, , ,Yes,Yes, , , ,32,,,51,,324
-79.16299,43.786017,80948662,8001460468,2018,2018-08-09T04:00:00.000Z,50,0,HIGHWAY 2A  W,HIGHLAND CREEK OVERPASS,600 m East,Expressway,Scarborough,43.786017,-79.16299,Mid-Block,Non Intersection,No Control, ,Dark, ,Fatal,Pedestrian Collisions,Pedestrian,25 to 29,Fatal,40,South, , , , ,Pedestrian hit at mid-block,"Crossing, no Traffic Control",Unknown, , , ,Yes, ,Yes, , ,, , , , , , , ,43,,,133,,325
-79.40189,43.636045,5375124,1045221,2008,2008-06-27T04:00:00.000Z,53,0,FLEET ST,STADIUM RD, ,Major Arterial,Toronto and East York,43.636045,-79.40189,Intersection, ,No Control,Clear,Dark,Dry,Fatal,Approaching,Driver,20 to 24,Fatal,28,West,"Automobile, Station Wagon",Going Ahead,Wrong Way on One Way Road,"Ability Impaired, Alcohol", , , , , , , , ,Yes, , ,, ,Yes,Yes,Yes, ,Yes, ,14,,,82,,326
-79.343501,43.692526,80000088,5000466893,2015,2015-03-20T04:00:00.000Z,58,0,262 TORRENS AVE, , ,Local,Toronto and East York,43.692526,-79.343501,Mid-Block, ,No Control,Clear,Dark,Dry,Fatal,Pedestrian Collisions,Pedestrian,85 to 89,Fatal,11,North, , , , ,Pedestrian hit on sidewalk or shoulder,On Sidewalk or Shoulder,Unknown, , , ,Yes, ,Yes, , ,, , , , , , , ,54,,,58,,327
-79.439349,43.69797,80948669,8001362922,2018,2018-07-26T04:00:00.000Z,58,0,EGLINTON AVE W,MARLEE AVE, ,Major Arterial,Toronto and East York,43.69797,-79.439349,Intersection,At Intersection,Traffic Signal,Clear,Dark,Dry,Fatal,Pedestrian Collisions,Pedestrian,55 to 59,Fatal,37,South, , , , ,Vehicle is going straight thru inter.while ped cross with ROW,Crossing with right of way,Unknown, , , ,Yes, , , ,Yes,, , , ,Yes, , , ,13,,,107,,328
-79.36584,43.671626,80000127,5000756531,2015,2015-05-07T04:00:00.000Z,100,1,ROSEDALE VALLEY RD,BAYVIEW AVE, ,Minor Arterial,Toronto and East York,43.671626,-79.36584,Mid-Block,Non Intersection,No Control,Clear,"Dark, artificial",Dry,Fatal,SMV Other,Motorcycle Driver,25 to 29,Fatal,20,West,Motorcycle,Going Ahead,Lost control,Unknown, , , , , , , , , ,Yes, ,, ,Yes,Yes,Yes, , , ,51,,,71,,329
-79.50359,43.702145,6705545,1266990,2011,2011-12-01T05:00:00.000Z,102,1,JANE ST,ELLIS AVE, ,Major Arterial,Etobicoke York,43.702145,-79.50359,Intersection, ,No Control,Clear,"Dark, artificial",Dry,Fatal,Pedestrian Collisions,Pedestrian,50 to 54,Fatal,32,Unknown,Other, , , ,Other / Undefined,Other,Unknown, , , ,Yes, ,Yes, , ,, , , , , , , ,12,,,30,,330
-79.470248,43.634787,7464370,1315100,2012,2012-09-14T04:00:00.000Z,102,1,F G GARDINER XY  E,SOUTH KINGSWAY, ,Expressway,Toronto and East York,43.634787,-79.470248,Mid-Block, ,No Control,Clear,"Dark, artificial",Dry,Fatal,SMV Other,Motorcycle Driver,30 to 34,Fatal,31,East,Motorcycle,Going Ahead,Lost control,Had Been Drinking, , , , , , , , ,Yes,Yes, ,, , , , , , , ,11,,,85,,331
-79.370799,43.65774,80496365,5000286208,2015,2015-02-18T05:00:00.000Z,104,1,SHERBOURNE ST,DUNDAS ST E,50 m South of,Minor Arterial,Toronto and East York,43.65774,-79.370799,Mid-Block,Intersection Related,No Control,Clear,"Dark, artificial",Wet,Fatal,Pedestrian Collisions,Pedestrian,55 to 59,Fatal,7,Unknown, , , , ,Pedestrian hit at mid-block,"Crossing, no Traffic Control",Other, , , ,Yes, ,Yes, , ,, , ,Yes,Yes, , , ,51,,,73,,332