X,Y,Index_,ACCNUM,YEAR,DATE,TIME,Hour,STREET1,STREET2,OFFSET,ROAD_CLASS,District,LATITUDE,LONGITUDE,LOCCOORD,ACCLOC,TRAFFCTL,VISIBILITY,LIGHT,RDSFCOND,ACCLASS,IMPACTYPE,INVTYPE,INVAGE,INJURY,FATAL_NO,INITDIR,VEHTYPE,MANOEUVER,DRIVACT,DRIVCOND,PEDTYPE,PEDACT,PEDCOND,CYCLISTYPE,CYCACT,CYCCOND,PEDESTRIAN,CYCLIST,AUTOMOBILE,MOTORCYCLE,TRUCK,TRSN_CITY_VEH,EMERG_VEH,PASSENGER,SPEEDING,AG_DRIV,REDLIGHT,ALCOHOL,DISABILITY,Division,Ward_Name,Ward_ID,Hood_ID,Hood_Name,ObjectId
-79.22939,43.756845,6162947,1177627,2010,2010-07-18T04:00:00.000Z,110,1,GREENCEDAR CRCT,DAPHNE RD, ,Collector,Scarborough,43.756845,-79.22939,Intersection,At Intersection,No Control,Clear,Dark,Dry,Fatal,SMV Other,Passenger,15 to 19,Fatal,26, ,Other, , , , , , , , , , , ,Yes, , ,, ,Yes, , , , , ,43,,,137,,333
-79.395633,43.637957,80609331,7000178103,2017,2017-01-29T05:00:00.000Z,110,1,F G GARDINER XY  E,SPADINA AVE,350 m West,Expressway,Toronto and East York,43.637957,-79.395633,Mid-Block,Non Intersection,No Control,Clear,Dark,Dry,Fatal,Pedestrian Collisions,Pedestrian,15 to 19,Fatal,4,West, , , , ,Pedestrian hit at mid-block,Walking on Roadway Against Traffic,Other, , , ,Yes, ,Yes, , ,, , , , , , , ,14,,,77,,334
-79.406253,43.762419,80972618,8001856890,2018,2018-10-08T04:00:00.000Z,117,1,SHEPPARD AVE E,BONNINGTON PL, ,Major Arterial,North York,43.762419,-79.406253,Mid-Block,Non Intersection,No Control,Clear,"Dark, artificial",Dry,Fatal,Pedestrian Collisions,Pedestrian,30 to 34,Fatal,53,East, , , , ,Pedestrian hit at mid-block,Playing or Working on Highway,Unknown, , , ,Yes, ,Yes, , ,, , , , , , , ,32,,,51,,335
-79.44309,43.677945,6148451,1171250,2010,2010-06-03T04:00:00.000Z,120,1,DUFFERIN ST,ST CLAIR AVE W, ,Major Arterial,Toronto and East York,43.677945,-79.44309,Intersection,At Intersection,Traffic Signal,Rain,Dark,Wet,Fatal,Pedestrian Collisions,Pedestrian,50 to 54,Fatal,20,West,Other, , , ,Vehicle is going straight thru inter.while ped cross without ROW,Crossing without right of way,Unknown, , , ,Yes, ,Yes, , ,, , , , , , , ,13,,,92,,336
-79.45799,43.732245,5795267,1142168,2009,2009-12-15T05:00:00.000Z,122,1,WILSON AVE,DUFFERIN ST, ,Major Arterial,North York,43.732245,-79.45799,Mid-Block,At Intersection,No Control,Clear,Dark,Wet,Fatal,SMV Unattended Vehicle,Driver,25 to 29,Fatal,45,West,"Automobile, Station Wagon",Going Ahead,Lost control,Had Been Drinking, , , , , , , , ,Yes, , ,, , , , , , , ,32,,,33,,337
-79.589862,43.759535,80948655,8001179636,2018,2018-06-29T04:00:00.000Z,123,1,STEELES AVE W,KIPLING AVE, ,Major Arterial,Etobicoke York,43.759535,-79.589862,Intersection,At Intersection,Traffic Signal,Clear,Dark,Dry,Fatal,Pedestrian Collisions,Pedestrian,15 to 19,Fatal,35,Unknown, , , , ,Pedestrian hit on sidewalk or shoulder,On Sidewalk or Shoulder,Normal, , , ,Yes, ,Yes, , ,, , ,Yes,Yes, , , ,23,,,2,,338
-79.23769,43.768945,5204827,1088989,2009,2009-02-13T05:00:00.000Z,125,1,423 BRIMORTON DR, , ,Collector,Scarborough,43.768945,-79.23769,Mid-Block, ,No Control,Clear,Dark,Dry,Fatal,SMV Other,Passenger,20 to 24,Fatal,4, ,Other, , , , , , , , , , , ,Yes, , ,, ,Yes, , , ,Yes, ,43,,,137,,339
-79.362254,43.656085,80000040,142723818,2014,2014-08-18T04:00:00.000Z,125,1,QUEEN ST E,TRACY ST, ,Major Arterial,Toronto and East York,43.656085,-79.362254,Intersection, ,No Control,Clear,"Dark, artificial",Dry,Fatal,Pedestrian Collisions,Pedestrian,60 to 64,Fatal,21,Unknown, , , , ,Pedestrian hit on sidewalk or shoulder,On Sidewalk or Shoulder,Unknown, , , ,Yes, ,Yes, , ,, , , , , , , ,51,,,73,,340
-79.361987,43.692008,80792372,8000000539,2018,2018-01-01T05:00:00.000Z,125,1,BAYVIEW AVE,POTTERY RD,403 m N of,Major Arterial,Toronto and East York,43.692008,-79.361987,Mid-Block,Non Intersection,No Control,Clear,"Dark, artificial",Dry,Fatal,SMV Other,Driver,35 to 39,Fatal,1,South,"Automobile, Station Wagon",Going Ahead,Speed too Fast For Condition,Unknown, , , , , , , , ,Yes, , ,, , ,Yes,Yes, , , ,53,,,56,,341
-79.267062,43.708708,80000022,141513588,2014,2014-02-12T05:00:00.000Z,127,1,DANFORTH RD,HIBBERTS DR, ,Minor Arterial,Scarborough,43.708708,-79.267062,Intersection, ,No Control,Clear,"Dark, artificial",Dry,Fatal,Pedestrian Collisions,Pedestrian,50 to 54,Fatal,3,Unknown, , , , ,Other / Undefined,Other,Had Been Drinking, , , ,Yes, ,Yes, , ,, , , , , , , ,41,,,120,,342
-79.445163,43.792533,7863370,1375428,2013,2013-09-16T04:00:00.000Z,130,1,STEELES AVE W,BATHURST ST, ,Major Arterial,North York,43.792533,-79.445163,Mid-Block, ,No Control,Rain,"Dark, artificial",Wet,Fatal,Pedestrian Collisions,Pedestrian,20 to 24,Fatal,40,North, , , , ,Pedestrian hit at mid-block,Running onto Roadway,Unknown, , , ,Yes, ,Yes, , ,, , , , , , , ,32,,,36,,343
-79.312587,43.667243,7817617,1355791,2013,2013-05-12T04:00:00.000Z,139,1,QUEEN ST E,EASTERN AVE, ,Major Arterial,Toronto and East York,43.667243,-79.312587,Intersection,At Intersection,Traffic Signal,Rain,"Dark, artificial",Wet,Fatal,Pedestrian Collisions,Pedestrian,60 to 64,Fatal,14,Unknown, , , , ,Pedestrian involved in a collision with transit vehicle anywhere along roadway,Other,Unknown, , , ,Yes, , , , ,, , , , , , , ,55,,,63,,344
-79.380786,43.795336,80741716,7000649054,2017,2017-04-13T04:00:00.000Z,144,1,CUMMER AVE,SNOWCREST AVE,150 m East,Collector,North York,43.795336,-79.380786,Mid-Block,Non Intersection,No Control,Clear,"Dark, artificial",Dry,Fatal,SMV Other,Driver,25 to 29,Fatal,17,East,"Automobile, Station Wagon",Going Ahead,Lost control,Unknown, , , , , , , , ,Yes, , ,, ,Yes,Yes,Yes, , , ,33,,,49,,345
-79.219852,43.742972,80217473,4002817424,2014,2014-09-01T04:00:00.000Z,147,1,EGLINTON AVE E,MARKHAM RD,76 m West of,Major Arterial,Scarborough,43.742972,-79.219852,Mid-Block,Non Intersection,No Control,Clear,"Dark, artificial",Dry,Fatal,Pedestrian Collisions,Passenger,30 to 34,Fatal,26, , , , , , , , , , , , , , , , ,, ,Yes, , , , , ,43,,,139,,346
-79.360187,43.670146,7860081,1374005,2013,2013-09-07T04:00:00.000Z,205,2,ROSEDALE VALLEY RD,BAYVIEW AVE, ,Major Arterial,Toronto and East York,43.670146,-79.360187,Intersection, ,No Control,Clear,"Dark, artificial",Dry,Fatal,SMV Other,Motorcycle Driver,35 to 39,Fatal,39,East,Motorcycle,Going Ahead,Speed too Fast For Condition,Unknown, , , , , , , , , ,Yes, ,, , ,Yes,Yes, , , ,51,,,71,,347
-79.23929,43.719145,6258403,1207370,2010,2010-12-14T05:00:00.000Z,216,2,KINGSTON RD,ST QUENTIN AVE, ,Major Arterial,Scarborough,43.719145,-79.23929,Mid-Block, ,No Control,Snow,Dark,Packed Snow,Fatal,SMV Other,Driver,20 to 24,Fatal,39,West,"Automobile, Station Wagon",Going Ahead,Lost control,Unknown, , , , , , , , ,Yes, , ,, ,Yes, , , , , ,43,,,123,,348
-79.250186,43.741065,80609336,7000203536,2017,2017-02-02T05:00:00.000Z,219,2,BRIMLEY RD,ELGAR AVE, ,Major Arterial,Scarborough,43.741065,-79.250186,Intersection,At Intersection,Stop Sign,Clear,Dark,Wet,Fatal,Turning Movement,Driver,25 to 29,Fatal,5,South,"Automobile, Station Wagon",Going Ahead,Driving Properly,Unknown, , , , , , , , ,Yes, , ,, , ,Yes,Yes, , , ,"41,43",,,138,,349
-79.382404,43.680724,80565103,6001573551,2016,2016-09-05T04:00:00.000Z,220,2,MOUNT PLEASANT RD,ROXBOROUGH DR, ,Major Arterial,Toronto and East York,43.680724,-79.382404,Intersection,At Intersection,No Control,Clear,Dark,Dry,Fatal,SMV Other,Passenger,25 to 29,Fatal,55, , , , , , , , , , , , , ,Yes, , ,, ,Yes,Yes,Yes, ,Yes, ,53,,,98,,350
-79.398158,43.658187,80875495,8000471582,2018,2018-03-15T04:00:00.000Z,226,2,COLLEGE ST,HURON ST, ,Major Arterial,Toronto and East York,43.658187,-79.398158,Intersection,At Intersection,Traffic Signal,Clear,"Dark, artificial",Dry,Fatal,Pedestrian Collisions,Pedestrian,20 to 24,Fatal,15,West, , , , ,Vehicle is going straight thru inter.while ped cross with ROW,Crossing with right of way,Normal, , , ,Yes, ,Yes, , ,, , ,Yes,Yes, ,Yes, ,52,,,78,,351
-79.297504,43.725642,80565930,6001927266,2016,2016-10-30T04:00:00.000Z,227,2,PHARMACY AVE,EGLINTON AVE E, ,Major Arterial,Scarborough,43.725642,-79.297504,Intersection,Intersection Related,No Control,Clear,Dark,Dry,Fatal,SMV Other,Driver,30 to 34,Fatal,67,North,"Automobile, Station Wagon",Going Ahead,Lost control,Had Been Drinking, , , , , , , , ,Yes, , ,, , ,Yes,Yes, , , ,41,,,120,,352
-79.40999,43.665345,5224187,1097712,2009,2009-04-04T04:00:00.000Z,228,2,LIPPINCOTT ST,BLOOR ST W, ,Major Arterial,Toronto and East York,43.665345,-79.40999,Intersection, ,No Control,Rain,Dark,Wet,Fatal,Pedestrian Collisions,Pedestrian,25 to 29,Fatal,10,West,Other, , , ,Pedestrian hit at mid-block,Other,Had Been Drinking, , , ,Yes, ,Yes, , ,, , , , , ,Yes, ,14,,,79,,353
-79.39359,43.716945,7559313,1287084,2012,2012-04-03T04:00:00.000Z,230,2,MOUNT PLEASANT RD,STIBBARD AVE, ,Major Arterial,North York,43.716945,-79.39359,Intersection, ,No Control,Clear,Dark,Dry,Fatal,SMV Other,Passenger,20 to 24,Fatal,7, ,Other, , , , , , , , , , , ,Yes, , ,, ,Yes,Yes,Yes, ,Yes, ,53,,,99,,354
-79.493961,43.760321,80485309,6000181395,2016,2016-01-31T05:00:00.000Z,230,2,DERRYDOWN RD,ROMFIELD DR, ,Local,Etobicoke York,43.760321,-79.493961,Intersection, ,Stop Sign,Clear,"Dark, artificial",Wet,Fatal,SMV Other,Passenger,45 to 49,Fatal,8, , , , , , , , , , , , , ,Yes, , ,, ,Yes, , , ,Yes, ,31,,,27,,355
-79.429286,43.632643,7382685,1279209,2012,2012-02-06T05:00:00.000Z,233,2,F G GARDINER XY  E,DUFFERIN ST, ,Expressway,Toronto and East York,43.632643,-79.429286,Mid-Block, ,No Control,Clear,"Dark, artificial",Other,Fatal,Pedestrian Collisions,Pedestrian,15 to 19,Fatal,5,Unknown,Other, , , ,Pedestrian hit at mid-block,Person Getting on/off Vehicle,Had Been Drinking, , , ,Yes, ,Yes, ,Yes,, , , , , , , ,14,,,85,,356
-79.401134,43.652262,8000012,142049204,2014,2014-05-10T04:00:00.000Z,233,2,DUNDAS ST W,AUGUSTA AVE, ,Major Arterial,Toronto and East York,43.652262,-79.401134,Intersection, ,No Control,Clear,"Dark, artificial",Dry,Fatal,Pedestrian Collisions,Pedestrian,25 to 29,Fatal,9,Unknown, , , , ,Other / Undefined,Other,Had Been Drinking, , , ,Yes, ,Yes, , ,, ,Yes, , , , , ,14,,,78,,357
-79.45827,43.650427,80950562,8001708692,2018,2018-09-15T04:00:00.000Z,240,2,PARKSIDE DR,INDIAN VALLEY CRES,34 meters south,Major Arterial,Toronto and East York,43.650427,-79.45827,Mid-Block,Non Intersection,No Control,Clear,Dark,Dry,Fatal,Approaching,Motorcycle Driver,45 to 49,Fatal,46,North,Motorcycle,Going Ahead,Driving Properly,Unknown, , , , , , , , ,Yes,Yes, ,, ,Yes, , , , , ,11,,,87,,358
-79.422687,43.654345,5347974,1033112,2008,2008-04-13T04:00:00.000Z,244,2,OSSINGTON AVE,COLLEGE ST, ,Major Arterial,Toronto and East York,43.654345,-79.422687,Intersection, ,Traffic Signal,Rain,Dark,Wet,Fatal,Pedestrian Collisions,Pedestrian,20 to 24,Fatal,14,East,Other, , , ,Vehicle is going straight thru inter.while ped cross without ROW,Running onto Roadway,"Ability Impaired, Alcohol", , , ,Yes, ,Yes, , ,, ,Yes, , , , , ,14,,,81,,359
-79.32309,43.796545,5354947,1036238,2008,2008-05-03T04:00:00.000Z,245,2,HUNTINGDALE BLVD,HEATHERSIDE DR, ,Collector,Scarborough,43.796545,-79.32309,Mid-Block, ,No Control,"Fog, Mist, Smoke, Dust",Dark,Wet,Fatal,SMV Other,Driver,20 to 24,Fatal,17,East,"Automobile, Station Wagon",Going Ahead,Lost control,"Ability Impaired, Alcohol", , , , , , , , ,Yes, , ,, , , , , ,Yes, ,42,,,117,,360
-79.197955,43.84878,80546946,6001433140,2016,2016-08-14T04:00:00.000Z,250,2,STEELES AVE E,REESOR RD, ,Minor Arterial,Scarborough,43.84878,-79.197955,Mid-Block,Non Intersection,No Control,Clear,Dark,Dry,Fatal,Approaching,Driver,20 to 24,Fatal,52,East,"Automobile, Station Wagon",Going Ahead,Driving Properly,Normal, , , , , , , , ,Yes, , ,, ,Yes,Yes,Yes, , , ,42,,,131,,361
-79.397746,43.745097,80681740,7000487878,2017,2017-03-19T04:00:00.000Z,255,2,106 YORK MILLS RD, , ,Major Arterial,North York,43.745097,-79.397746,Mid-Block,Non Intersection,No Control,Clear,"Dark, artificial",Wet,Fatal,SMV Other,Driver,45 to 49,Fatal,13,West,"Automobile, Station Wagon",Going Ahead,Driving Properly,Normal, , , , , , , , ,Yes, , ,, , ,Yes,Yes, , , ,32,,,41,,362
-79.435222,43.633078,80566412,6001932941,2016,2016-10-31T04:00:00.000Z,257,2,F G GARDINER XY  E,JAMESON AVE, ,Expressway,Toronto and East York,43.633078,-79.435222,Mid-Block,Non Intersection,No Control,Clear,Dark,Dry,Fatal,SMV Other,Driver,25 to 29,Fatal,68,East,"Automobile, Station Wagon",Going Ahead,Lost control,Unknown, , , , , , , , ,Yes, , ,, , ,Yes,Yes, , , ,14,,,85,,363
-79.24619,43.737045,5188679,1078551,2009,2009-01-01T05:00:00.000Z,259,2,EGLINTON AVE E,DANFORTH RD, ,Major Arterial,Scarborough,43.737045,-79.24619,Intersection,At Intersection,Traffic Signal,Clear,Dark,Wet,Fatal,Pedestrian Collisions,Pedestrian,50 to 54,Fatal,1,North,Other, , , ,Vehicle is going straight thru inter.while ped cross without ROW,Crossing without right of way,"Ability Impaired, Alcohol Over .80", , , ,Yes, ,Yes, , ,, , , , , , , ,43,,,138,,364
-79.502467,43.622645,80000147,5000989979,2015,2015-06-13T04:00:00.000Z,300,3,F G GARDINER XY  W,ROYAL YORK RD, ,Expressway,Etobicoke York,43.622645,-79.502467,Mid-Block, ,No Control,Rain,Dark,Wet,Fatal,SMV Other,Driver,20 to 24,Fatal,30,West,"Automobile, Station Wagon",Going Ahead,Exceeding Speed Limit,Unknown, , , , , , , , ,Yes, , ,, , ,Yes,Yes, , , ,22,,,16,,365
-79.260387,43.715674,80542278,6001053517,2016,2016-06-17T04:00:00.000Z,303,3,DANFORTH RD,ST CLAIR AVE E,92.1 m south,Minor Arterial,Scarborough,43.715674,-79.260387,Mid-Block,Non Intersection,No Control,Clear,"Dark, artificial",Dry,Fatal,Pedestrian Collisions,Pedestrian,20 to 24,Fatal,38,North, , , , ,Pedestrian hit at mid-block,Running onto Roadway,Other, , , ,Yes, ,Yes, , ,, , , , , , , ,41,,,120,,366
-79.42009,43.797945,5384104,1049124,2008,2008-07-21T04:00:00.000Z,305,3,STEELES AVE E,YONGE ST, ,Major Arterial,North York,43.797945,-79.42009,Intersection,At Intersection,Traffic Signal,Clear,Dark,Dry,Fatal,Pedestrian Collisions,Pedestrian,35 to 39,Fatal,34,North,Other, , , ,Vehicle is going straight thru inter.while ped cross without ROW,Crossing without right of way,Unknown, , , ,Yes, ,Yes, , ,, ,Yes, , , , , ,32,,,36,,367
-79.577289,43.763743,7848906,1369173,2013,2013-08-03T04:00:00.000Z,305,3,STEELES AVE W,ISLINGTON AVE, ,Major Arterial,Etobicoke York,43.763743,-79.577289,Mid-Block, ,No Control,Clear,"Dark, artificial",Dry,Fatal,SMV Other,Driver,25 to 29,Fatal,27,East,"Automobile, Station Wagon",Going Ahead,Exceeding Speed Limit,"Ability Impaired, Alcohol Over .08", , , , , , , , ,Yes, , ,, , ,Yes,Yes, ,Yes, ,31,,,21,,368
-79.314189,43.807944,7515508,1321216,2012,2012-10-21T04:00:00.000Z,325,3,MCNICOLL AVE,BIRCHMOUNT RD, ,Minor Arterial,Scarborough,43.807944,-79.314189,Mid-Block,At Intersection,No Control,Clear,"Dark, artificial",Dry,Fatal,SMV Other,Passenger,20 to 24,Fatal,36, ,Other, , , , , , , , , , , ,Yes, , ,, ,Yes,Yes,Yes, ,Yes, ,42,,,116,,369
-79.457828,43.655169,80238841,5000814405,2015,2015-05-16T04:00:00.000Z,325,3,BLOOR ST W,INDIAN GRV,50 m West of,Major Arterial,Toronto and East York,43.655169,-79.457828,Mid-Block,Non Intersection,No Control,Clear,"Dark, artificial",Dry,Fatal,Pedestrian Collisions,Pedestrian,40 to 44,Fatal,23,North, , , , ,Pedestrian hit at mid-block,"Crossing, no Traffic Control",Had Been Drinking, , , ,Yes, ,Yes, , ,, ,Yes, , , , , ,11,,,87,,370
-79.513202,43.739379,80503019,6000607400,2016,2016-04-10T04:00:00.000Z,326,3,JANE ST,SHEPPARD AVE W, ,Major Arterial,North York,43.739379,-79.513202,Intersection,Intersection Related,Traffic Signal,Clear,"Dark, artificial",Dry,Fatal,Rear End,Passenger,20 to 24,Fatal,23, , , , , , , , , , , , , ,Yes, , ,, ,Yes,Yes,Yes, , , ,31,,,25,,371
-79.513202,43.739379,80503077,6000607400,2016,2016-04-10T04:00:00.000Z,326,3,JANE ST,SHEPPARD AVE W, ,Major Arterial,North York,43.739379,-79.513202,Intersection,Intersection Related,Traffic Signal,Clear,"Dark, artificial",Dry,Fatal,Rear End,Passenger,20 to 24,Fatal,24, , , , , , , , , , , , , ,Yes, , ,, ,Yes,Yes,Yes, , , ,31,,,25,,372
-79.513202,43.739379,80503078,6000607400,2016,2016-04-10T04:00:00.000Z,326,3,JANE ST,SHEPPARD AVE W, ,Major Arterial,North York,43.739379,-79.513202,Intersection,Intersection Related,Traffic Signal,Clear,"Dark, artificial",Dry,Fatal,Rear End,Passenger,15 to 19,Fatal,22, , , , , , , , , , , , , ,Yes, , ,, ,Yes,Yes,Yes, , , ,31,,,25,,373
-79.36319,43.652745,6253428,1146864,2010,2010-01-10T05:00:00.000Z,329,3,KING ST E,PARLIAMENT ST, ,Major Arterial,Toronto and East York,43.652745,-79.36319,Intersection,At Intersection,Traffic Signal,Clear,Dark,Dry,Fatal,Approaching,Driver,35 to 39,Fatal,1,East,"Automobile, Station Wagon",Going Ahead,Lost control,Had Been Drinking, , , , , , , , ,Yes, , ,, , ,Yes,Yes, , , ,51,,,73,,374
-79.577121,43.705172,80943990,8000973371,2018,2018-05-30T04:00:00.000Z,329,3,MARTIN GROVE RD,VULCAN ST, ,Major Arterial,Etobicoke York,43.705172,-79.577121,Intersection,At Intersection,Traffic Signal, ,Dark, ,Fatal,Turning Movement,Motorcycle Driver,20 to 24,Fatal,27,South,Motorcycle,Going Ahead,Exceeding Speed Limit,Unknown, , , , , , , , , ,Yes,Yes,, , ,Yes,Yes, , , ,23,,,1,,375
-79.40224,43.725344,80783699,7001803830,2017,2017-10-05T04:00:00.000Z,331,3,YONGE ST,LAWRENCE AVE W,100 m North of,Major Arterial,North York,43.725344,-79.40224,Mid-Block,Non Intersection,No Control,Clear,Dark,Dry,Fatal,Pedestrian Collisions,Pedestrian,20 to 24,Fatal,49,West, , , , ,Pedestrian hit at mid-block,"Crossing, no Traffic Control",Normal, , , ,Yes, , , , ,, , , , , , , ,"32,53",,,105,,376
-79.499957,43.623107,80875489,8000510129,2018,2018-03-21T04:00:00.000Z,331,3,F G GARDINER XY  W,ROYAL YORK RD, ,Expressway,Etobicoke York,43.623107,-79.499957,Mid-Block,Non Intersection,No Control,Clear,"Dark, artificial",Dry,Fatal,Rear End,Passenger,25 to 29,Fatal,16, , , , , , , , , , , , , ,Yes, , ,, ,Yes,Yes,Yes, , , ,22,,,17,,377
-79.472667,43.633498,80681699,7000178684,2017,2017-01-29T05:00:00.000Z,345,3,F G GARDINER XY  W,SOUTH KINGSWAY RAMP,55 m West of,Expressway,Toronto and East York,43.633498,-79.472667,Mid-Block,Non Intersection,No Control,Clear,"Dark, artificial",Dry,Fatal,Rear End,Driver,20 to 24,Fatal,9,West,"Automobile, Station Wagon",Going Ahead,Lost control,"Ability Impaired, Alcohol Over .08", , , , , , , , ,Yes, , ,, , ,Yes,Yes, ,Yes, ,11,,,85,,378
-79.21059,43.737845,5214090,1093203,2009,2009-03-08T05:00:00.000Z,350,3,HILL CRES,HEATHFIELD DR, ,Collector,Scarborough,43.737845,-79.21059,Intersection, ,No Control,Rain,Dark,Wet,Fatal,SMV Other,Passenger,20 to 24,Fatal,6, ,Other, , , , , , , , , , , ,Yes, , ,, ,Yes,Yes,Yes, ,Yes, ,43,,,139,,379
-79.349437,43.697508,8000203,143357519,2014,2014-11-24T05:00:00.000Z,350,3,DON VALLEY PARKWAY  N,LEASIDE BDGE, ,Major Arterial,Toronto and East York,43.697508,-79.349437,Mid-Block, ,No Control,Rain,"Dark, artificial",Wet,Fatal,SMV Other,Driver,20 to 24,Fatal,43,North,"Automobile, Station Wagon",Going Ahead,Exceeding Speed Limit,"Ability Impaired, Alcohol", , , , , , , , ,Yes, , ,, , ,Yes,Yes, ,Yes, ,54,,,58,,380
-79.540759,43.650695,80490007,5001705355,2015,2015-10-03T04:00:00.000Z,351,3,BURNHAMTHORPE RD,PRENNAN AVE,1 m East of,Major Arterial,Etobicoke York,43.650695,-79.540759,Intersection,Non Intersection,No Control,Clear,Dark,Dry,Fatal,SMV Other,Passenger,40 to 44,Fatal,48, , , , , , , , , , , , , ,Yes, , ,, ,Yes,Yes,Yes, , , ,22,,,14,,381
-79.352985,43.669097,80000105,5000058185,2015,2015-01-11T05:00:00.000Z,353,3,477 BROADVIEW AVE, , ,Minor Arterial,Toronto and East York,43.669097,-79.352985,Mid-Block, ,No Control,Clear,"Dark, artificial",Dry,Fatal,SMV Other,Driver,20 to 24,Fatal,1,South,"Automobile, Station Wagon",Going Ahead,Lost control,Unknown, , , , , , , , ,Yes, , ,, , ,Yes,Yes, , , ,55,,,68,,382
-79.4864,43.653998,80503926,6000691297,2016,2016-04-23T04:00:00.000Z,356,3,JANE ST,HUMBERVIEW RD, ,Major Arterial,Toronto and East York,43.653998,-79.4864,Intersection,Non Intersection,No Control,Other,Dark,Other,Fatal,SMV Other,Passenger,20 to 24,Fatal,27, , , , , , , , , , , , , ,Yes, , ,, ,Yes,Yes,Yes, , , ,11,,,89,,383
-79.370532,43.658351,80757205,7001470435,2017,2017-08-15T04:00:00.000Z,407,4,DUNDAS ST E,SHERBOURNE ST,38 m East of,Major Arterial,Toronto and East York,43.658351,-79.370532,Mid-Block,Non Intersection,No Control,Rain,"Dark, artificial",Wet,Fatal,Pedestrian Collisions,Pedestrian,45 to 49,Fatal,35,Unknown, , , , ,Pedestrian hit at mid-block,Other,Medical or Physical Disability, , , ,Yes, , , , ,, , , , , , , ,51,,,73,,384
-79.46769,43.681845,7474833,1319536,2012,2012-10-14T04:00:00.000Z,410,4,ROGERS RD,OLD WESTON RD, ,Minor Arterial,Toronto and East York,43.681845,-79.46769,Intersection,At Intersection,Traffic Signal,Rain,"Dark, artificial",Wet,Fatal,SMV Other,Driver,30 to 34,Fatal,34,West,"Automobile, Station Wagon",Going Ahead,Speed too Fast For Condition,Unknown, , , , , , , , ,Yes, , ,, , ,Yes,Yes, , , ,12,,,110,,385
-79.49739,43.707345,6649277,1242674,2011,2011-07-08T04:00:00.000Z,414,4,BLACK CREEK DR,LAWRENCE AVE W, ,Major Arterial,Etobicoke York,43.707345,-79.49739,Mid-Block, ,No Control,Clear,Dark,Dry,Fatal,SMV Other,Driver,25 to 29,Fatal,13,North,"Automobile, Station Wagon",Going Ahead,Lost control,Unknown, , , , , , , , ,Yes, , ,, , , , , , , ,12,,,28,,386
-79.52599,43.703245,6279810,1189375,2010,2010-09-15T04:00:00.000Z,418,4,WESTON RD,CHURCH ST, ,Minor Arterial,Etobicoke York,43.703245,-79.52599,Mid-Block, ,No Control,Clear,Dark,Dry,Fatal,SMV Unattended Vehicle,Driver,25 to 29,Fatal,31,North,"Automobile, Station Wagon",Going Ahead,Lost control,Had Been Drinking, , , , , , , , ,Yes, , ,, , ,Yes,Yes, , , ,12,,,113,,387
-79.23759,43.769045,6256934,1205835,2010,2010-12-05T05:00:00.000Z,421,4,422 BRIMORTON DR, , ,Collector,Scarborough,43.769045,-79.23759,Mid-Block, ,No Control,Clear,Dark,Dry,Fatal,SMV Other,Driver,25 to 29,Fatal,37,West,"Automobile, Station Wagon",Going Ahead,Lost control,Had Been Drinking, , , , , , , , ,Yes, , ,, ,Yes, , , , , ,43,,,137,,388
-79.45429,43.741845,5213959,1093141,2009,2009-03-07T05:00:00.000Z,440,4,WILLIAM R ALLEN RD,TRANSIT RD, ,Expressway,North York,43.741845,-79.45429,Intersection,At Intersection,Traffic Signal,Clear,Dark,Wet,Fatal,SMV Other,Driver,20 to 24,Fatal,5,North,"Automobile, Station Wagon",Going Ahead,Lost control,Unknown, , , , , , , , ,Yes, , ,, , , , , , , ,32,,,33,,389
-79.476505,43.670558,80485256,4002804562,2014,2014-08-30T04:00:00.000Z,459,4,ST CLAIR AVE W,SYMES RD,39 m East of,Major Arterial,Etobicoke York,43.670558,-79.476505,Mid-Block,Non Intersection,No Control,Clear,"Dark, artificial",Dry,Fatal,Pedestrian Collisions,Pedestrian,30 to 34,Fatal,25,East, , , , ,Pedestrian hit at mid-block,Walking on Roadway Against Traffic,Other, , , ,Yes, ,Yes, , ,, , , , , , , ,"12,11",,,90,,390