X,Y,Index_,ACCNUM,YEAR,DATE,TIME,Hour,STREET1,STREET2,OFFSET,ROAD_CLASS,District,LATITUDE,LONGITUDE,LOCCOORD,ACCLOC,TRAFFCTL,VISIBILITY,LIGHT,RDSFCOND,ACCLASS,IMPACTYPE,INVTYPE,INVAGE,INJURY,FATAL_NO,INITDIR,VEHTYPE,MANOEUVER,DRIVACT,DRIVCOND,PEDTYPE,PEDACT,PEDCOND,CYCLISTYPE,CYCACT,CYCCOND,PEDESTRIAN,CYCLIST,AUTOMOBILE,MOTORCYCLE,TRUCK,TRSN_CITY_VEH,EMERG_VEH,PASSENGER,SPEEDING,AG_DRIV,REDLIGHT,ALCOHOL,DISABILITY,Division,Ward_Name,Ward_ID,Hood_ID,Hood_Name,ObjectId
-79.289455,43.78575,80485509,4002712534,2014,2014-08-16T04:00:00.000Z,515,5,KENNEDY RD,BONIS AVE,4 m North of,Major Arterial,Scarborough,43.78575,-79.289455,Intersection,Intersection Related,Traffic Signal,Clear,"Dark, artificial",Dry,Fatal,Pedestrian Collisions,Pedestrian,85 to 89,Fatal,24,West, , , , ,Vehicle turns left while ped crosses with ROW at inter.,Crossing with right of way,Normal, , , ,Yes, ,Yes, , ,, , , ,Yes, , , ,42,,,128,,391
-79.325488,43.714343,7515494,1321027,2012,2012-10-20T04:00:00.000Z,518,5,DON VALLEY PARKWAY  S,SPANBRIDGE RD, ,Expressway,North York,43.714343,-79.325488,Mid-Block, ,No Control,Clear,"Dark, artificial",Wet,Fatal,SMV Other,Driver,15 to 19,Fatal,35,South,"Automobile, Station Wagon",Going Ahead,Lost control,Unknown, , , , , , , , ,Yes, , ,, ,Yes, , , , , ,54,,,44,,392
-79.44329,43.678645,6586496,1213866,2011,2011-01-21T05:00:00.000Z,519,5,DUFFERIN ST,NORTON AVE W, ,Major Arterial,Toronto and East York,43.678645,-79.44329,Intersection, ,No Control,Snow,Dark,Slush,Fatal,Pedestrian Collisions,Pedestrian,55 to 59,Fatal,2,Unknown,Other, , , ,Pedestrian involved in a collision with transit vehicle anywhere along roadway,Person Getting on/off Vehicle,Unknown, , , ,Yes, , , , ,, , , , , , , ,13,,,92,,393
-79.54156,43.593039,80500048,6000042274,2016,2016-01-08T05:00:00.000Z,520,5,BROWN S LINE,LAKE SHORE BLVD W,30 m North of,Major Arterial,Etobicoke York,43.593039,-79.54156,Mid-Block,Non Intersection,No Control,Clear,"Dark, artificial",Wet,Fatal,SMV Other,Driver,40 to 44,Fatal,2,South,"Automobile, Station Wagon",Going Ahead,Speed too Fast For Condition,Unknown, , , , , , , , ,Yes, , ,, , ,Yes,Yes, , , ,22,,,19,,394
-79.35879,43.672745,6116479,1157272,2010,2010-03-12T05:00:00.000Z,523,5,ROYAL DR,DON VALLEY PARKWAY  N, ,Expressway,Toronto and East York,43.672745,-79.35879,Mid-Block, ,No Control,Clear,Dark,Dry,Fatal,SMV Other,Truck Driver,30 to 34,Fatal,15,South,Truck - Open,Going Ahead,Speed too Fast For Condition,Normal, , , , , , , , , , ,Yes,, ,Yes,Yes,Yes, , , ,55,,,68,,395
-79.425548,43.700984,80493667,5002032713,2015,2015-11-27T05:00:00.000Z,532,5,EGLINTON AVE W,BATHURST ST, ,Major Arterial,Toronto and East York,43.700984,-79.425548,Intersection,At Intersection,Traffic Signal,Clear,Dark,Dry,Fatal,Pedestrian Collisions,Pedestrian,20 to 24,Fatal,58,South, , , , ,Vehicle turns right while ped crosses with ROW at inter.,Crossing with right of way,Normal, , , ,Yes, , , ,Yes,, , , ,Yes,Yes, , ,"13,53",,,101,,396
-79.58209,43.743245,5808802,1140944,2009,2009-12-08T05:00:00.000Z,540,5,FINCH AVE W,KIPLING AVE, ,Major Arterial,Etobicoke York,43.743245,-79.58209,Intersection,At Intersection,Traffic Signal,Clear,Dark,Dry,Fatal,Pedestrian Collisions,Pedestrian,70 to 74,Fatal,43,North,Other, , , ,Other / Undefined,Other,Normal, , , ,Yes, ,Yes, , ,, , , , , , , ,23,,,3,,397
-79.29659,43.801245,6685144,1258189,2011,2011-10-10T04:00:00.000Z,540,5,KENNEDY RD,FINCH AVE E, ,Major Arterial,Scarborough,43.801245,-79.29659,Intersection,At Intersection,Traffic Signal,Clear,"Dark, artificial",Dry,Fatal,SMV Other,Driver,25 to 29,Fatal,27,South,"Automobile, Station Wagon",Going Ahead,Lost control,Unknown, , , , , , , , ,Yes, , ,, ,Yes, , , , , ,42,,,117,,398
-79.52109,43.718145,5412194,1061341,2008,2008-09-28T04:00:00.000Z,545,5,WILSON AVE,HIGHWAY 400  S, ,Expressway,Etobicoke York,43.718145,-79.52109,Intersection,At Intersection,No Control,Clear,Dark,Wet,Fatal,SMV Other,Driver,55 to 59,Fatal,42,East,"Automobile, Station Wagon",Going Ahead,Exceeding Speed Limit,Had Been Drinking, , , , , , , , ,Yes, , ,, , ,Yes,Yes, , , ,31,,,26,,399
-79.58279,43.690045,5421906,1065595,2008,2008-10-21T04:00:00.000Z,545,5,HIGHWAY 27 Ramp S,27 S DIXON W RAMP, ,Major Arterial,Etobicoke York,43.690045,-79.58279,Mid-Block, ,No Control,Clear,Dark,Dry,Fatal,SMV Other,Truck Driver,20 to 24,Fatal,47,South,Truck - Open,Going Ahead,Exceeding Speed Limit,Normal, , , , , , , , , , ,Yes,, , ,Yes,Yes, , , ,23,,,1,,400
-79.31929,43.741145,6806561,1271163,2011,2011-12-23T05:00:00.000Z,547,5,LAWRENCE AVE E,CURLEW DR, ,Major Arterial,North York,43.741145,-79.31929,Intersection,At Intersection,Traffic Signal,Clear,"Dark, artificial",Wet,Fatal,Turning Movement,Driver,35 to 39,Fatal,35,East,"Automobile, Station Wagon",Turning Left,Improper Turn,Inattentive, , , , , , , , ,Yes, , ,, , ,Yes,Yes, , , ,33,,,43,,401
-79.44279,43.735545,6688418,1259602,2011,2011-10-18T04:00:00.000Z,548,5,WILSON AVE,ALLINGHAM GDNS, ,Major Arterial,North York,43.735545,-79.44279,Intersection,At Intersection,No Control,Clear,"Dark, artificial",Other,Fatal,Pedestrian Collisions,Pedestrian,45 to 49,Fatal,28,North,Other, , , ,Vehicle is going straight thru inter.while ped cross without ROW,"Crossing, no Traffic Control",Inattentive, , , ,Yes, ,Yes, , ,, , , , , , , ,32,,,33,,402
-79.58519,43.714745,5307617,1013495,2008,2008-01-08T05:00:00.000Z,550,5,REXDALE BLVD,TIDEMORE AVE, ,Major Arterial,Etobicoke York,43.714745,-79.58519,Intersection, ,No Control,Clear,Dark,Dry,Fatal,SMV Other,Passenger,25 to 29,Fatal,4, ,Other, , , , , , , , , , , ,Yes, , ,, ,Yes, , , , , ,23,,,1,,403
-79.52009,43.667145,6667933,1250553,2011,2011-08-22T04:00:00.000Z,551,5,ROYAL YORK RD,HARTFIELD RD, ,Minor Arterial,Etobicoke York,43.667145,-79.52009,Intersection, ,No Control,Clear,Dark,Dry,Fatal,SMV Other,Driver,50 to 54,Fatal,21,North,"Automobile, Station Wagon",Going Ahead,Lost control,Unknown, , , , , , , , ,Yes, , ,, , , , , , , ,22,,,9,,404
-79.617862,43.73503,80000035,142586405,2014,2014-07-28T04:00:00.000Z,553,5,HUMBERLINE DR,FINCH AVE W, ,Major Arterial,Etobicoke York,43.73503,-79.617862,Intersection,At Intersection,Traffic Signal,Rain,"Dawn, artificial",Wet,Fatal,Pedestrian Collisions,Pedestrian,30 to 34,Fatal,16,North, , , , ,Pedestrian involved in a collision with transit vehicle anywhere along roadway,Crossing without right of way,Unknown, , , ,Yes, , , , ,, , , , , , , ,23,,,1,,405
-79.51239,43.758245,7541977,1286941,2012,2012-04-02T04:00:00.000Z,555,5,FINCH AVE W,DRIFTWOOD AVE, ,Major Arterial,Etobicoke York,43.758245,-79.51239,Mid-Block, ,No Control,Clear,"Dawn, artificial",Dry,Fatal,Pedestrian Collisions,Pedestrian,45 to 49,Fatal,8,North,Other, , , ,Pedestrian hit at mid-block,"Crossing, no Traffic Control",Unknown, , , ,Yes, ,Yes, , ,, , , , , , , ,31,,,25,,406
-79.510753,43.602278,80545824,6001222638,2016,2016-07-12T04:00:00.000Z,1710,17,BIRMINGHAM ST,ELSINORE PATH, ,Collector,Etobicoke York,43.602278,-79.510753,Intersection,At Intersection,No Control,Clear,Daylight,Dry,Fatal,SMV Other,Driver,55 to 59,Fatal,46,West,"Automobile, Station Wagon",Going Ahead,Lost control,Medical or Physical Disability, , , , , , , , ,Yes, , ,, , , , , , ,Yes,22,,,18,,407
-79.415889,43.722941,80975003,8002016979,2018,2018-11-01T04:00:00.000Z,1712,17,AVENUE RD,GLENGARRY AVE, ,Major Arterial,North York,43.722941,-79.415889,Intersection,Intersection Related,No Control,Rain,Dark,Dry,Fatal,Rear End,Passenger,55 to 59,Fatal,57, ,"Automobile, Station Wagon", , , , , , , , , , , ,Yes, , ,, ,Yes, , , , , ,32,,,39,,408
-79.31499,43.794845,5437265,1072541,2008,2008-11-26T05:00:00.000Z,1714,17,WARDEN AVE,FINCH AVE E, ,Major Arterial,Scarborough,43.794845,-79.31499,Mid-Block, ,No Control,Rain,Dark,Wet,Fatal,Pedestrian Collisions,Pedestrian,55 to 59,Fatal,53,West,Other, , , ,Pedestrian hit at mid-block,"Crossing, no Traffic Control",Unknown, , , ,Yes, ,Yes, , ,, ,Yes, , , , , ,42,,,117,,409
-79.263789,43.801444,7837533,1364430,2013,2013-07-08T04:00:00.000Z,1715,17,MCCOWAN RD,KENHATCH BLVD, ,Major Arterial,Scarborough,43.801444,-79.263789,Intersection, ,Traffic Signal,Rain,Daylight,Wet,Fatal,Pedestrian Collisions,Pedestrian,65 to 69,Fatal,24,East, , , , ,Pedestrian involved in a collision with transit vehicle anywhere along roadway,Crossing without right of way,Inattentive, , , ,Yes, , , , ,, , , , , , , ,42,,,129,,410
-79.431415,43.726615,80493934,5002054157,2015,2015-11-30T05:00:00.000Z,1715,17,BATHURST ST,MARMION AVE,7 m East of,Major Arterial,North York,43.726615,-79.431415,Intersection,Intersection Related,No Control,Clear,"Dark, artificial",Dry,Fatal,Pedestrian Collisions,Pedestrian,65 to 69,Fatal,60,Unknown, , , , ,Vehicle turns left while ped crosses with ROW at inter.,"Crossing, no Traffic Control",Normal, , , ,Yes, ,Yes, , ,, , , ,Yes, , , ,32,,,39,,411
-79.269923,43.790507,80792367,8000009665,2018,2018-01-02T05:00:00.000Z,1718,17,BRIMLEY RD,HEATHER RD, ,Major Arterial,Scarborough,43.790507,-79.269923,Intersection,Intersection Related,No Control,Clear,"Dusk, artificial",Dry,Fatal,Pedestrian Collisions,Pedestrian,70 to 74,Fatal,2,West, , , , ,Pedestrian hit at mid-block,"Crossing, no Traffic Control",Inattentive, , , ,Yes, ,Yes, , ,, , , , , , , ,42,,,129,,412
-79.42839,43.682945,6226426,1204296,2010,2010-11-26T05:00:00.000Z,1719,17,HUMEWOOD GDNS,RUSHTON RD, ,Local,Toronto and East York,43.682945,-79.42839,Intersection,At Intersection,Stop Sign,Clear,Dark,Dry,Fatal,Pedestrian Collisions,Pedestrian,75 to 79,Fatal,38,North,Other, , , ,Vehicle is going straight thru inter.while ped cross with ROW,Crossing with right of way,Normal, , , ,Yes, ,Yes, , ,, , , ,Yes, , , ,13,,,106,,413
-79.28999,43.809645,7516276,1327765,2012,2012-11-27T05:00:00.000Z,1720,17,MIDLAND AVE,KILCULLEN CASTLE GT, ,Major Arterial,Scarborough,43.809645,-79.28999,Intersection, ,No Control,Clear,"Dark, artificial",Dry,Fatal,Pedestrian Collisions,Pedestrian,40 to 44,Fatal,40,Unknown,Other, , , ,Pedestrian hit at mid-block,"Crossing, no Traffic Control",Unknown, , , ,Yes, ,Yes, , ,, , , , , , , ,42,,,130,,414
-79.60349,43.719145,5353058,1035405,2008,2008-04-28T04:00:00.000Z,1722,17,REXDALE Boul,QUEENS PLATE Driv, ,Major Arterial,Etobicoke York,43.719145,-79.60349,Intersection,At Intersection,No Control,Clear,Daylight,Dry,Fatal,Pedestrian Collisions,Pedestrian,85 to 89,Fatal,15, ,Other,Other, , ,Pedestrian hit on sidewalk or shoulder,On Sidewalk or Shoulder,Normal, , , ,Yes, ,Yes, , ,, , , , , , ,Yes,23,,,1,,415
-79.21767,43.798106,80485494,4002616805,2014,2014-08-01T04:00:00.000Z,1722,17,SHEPPARD AVE E,NEILSON RD, ,Major Arterial,Scarborough,43.798106,-79.21767,Intersection,Intersection Related,Traffic Signal,Clear,Daylight,Dry,Fatal,Cyclist Collisions,Cyclist,15 to 19,Fatal,18,North,Bicycle,Going Ahead, , , , , ,"Motorist without ROW drives into path of cyclist at inter, lnwy, dwy-Driver not turn.",Driving Properly,Inattentive, ,Yes,Yes, , ,, , ,Yes,Yes, , , ,42,,,132,,416
-79.324161,43.777732,80503948,6000688444,2016,2016-04-22T04:00:00.000Z,1727,17,VICTORIA PARK AVE,PATRICK BLVD, ,Major Arterial,Scarborough,43.777732,-79.324161,Intersection,Intersection Related,Traffic Signal,Clear,Daylight,Dry,Fatal,Pedestrian Collisions,Pedestrian,55 to 59,Fatal,26,East, , , , ,Vehicle is going straight thru inter.while ped cross without ROW,Crossing without right of way,Inattentive, , , ,Yes, ,Yes, , ,, , , , , , , ,"33,42",,,117,,417
-79.467433,43.688113,80542830,6000936557,2016,2016-05-30T04:00:00.000Z,1728,17,4 EWART AVE, , ,Local,Etobicoke York,43.688113,-79.467433,Intersection,Non Intersection,No Control,Clear,Daylight,Dry,Fatal,Other,Driver,65 to 69,Fatal,34,Unknown,"Automobile, Station Wagon",Reversing,Other,Unknown, , , , , , , , ,Yes, , ,, , , , , , , ,12,,,110,,418
-79.254108,43.750491,80566422,6002001573,2016,2016-11-10T05:00:00.000Z,1732,17,BRIMLEY RD,GAGE AVE, ,Major Arterial,Scarborough,43.750491,-79.254108,Mid-Block,Non Intersection,No Control,Clear,"Dark, artificial",Dry,Fatal,Pedestrian Collisions,Pedestrian,60 to 64,Fatal,71,West, , , , ,Pedestrian hit at mid-block,"Crossing, no Traffic Control",Inattentive, , , ,Yes, ,Yes, , ,, , , , , , , ,"41,43",,,127,,419
-79.29999,43.825345,6281421,1209440,2010,2010-12-28T05:00:00.000Z,1734,17,STEELES AVE E,SILVER STAR BLVD, ,Major Arterial,Scarborough,43.825345,-79.29999,Intersection,At Intersection,Traffic Signal,Snow,Dark,Wet,Fatal,Pedestrian Collisions,Pedestrian,30 to 34,Fatal,43,North,Other, , , ,Pedestrian hit at mid-block,"Crossing, no Traffic Control",Unknown, , , ,Yes, ,Yes, , ,, ,Yes, , , , , ,42,,,0,,420
-79.348491,43.650244,7802745,1349359,2013,2013-03-29T04:00:00.000Z,1734,17,LAKE SHORE BLVD E,DON ROADWAY, ,Expressway,Toronto and East York,43.650244,-79.348491,Mid-Block, ,No Control,Clear,Daylight,Dry,Fatal,SMV Other,Passenger,15 to 19,Fatal,8, , , , , , , , , , , , , ,Yes, , ,, ,Yes,Yes,Yes, , , ,51,,,77,,421
-79.499889,43.722663,8000330,5000611703,2015,2015-04-13T04:00:00.000Z,1734,17,WILSON AVE,WILLIAM CRAGG DR, ,Major Arterial,North York,43.722663,-79.499889,Mid-Block, ,No Control,Clear,Daylight,Dry,Fatal,Rear End,Driver,85 to 89,Fatal,18,West,"Automobile, Station Wagon",Going Ahead,Following too Close,Inattentive, , , , , , , , ,Yes, , ,, , , ,Yes, , , ,31,,,26,,422
-79.427661,43.681227,80785526,6001682532,2016,2016-09-21T04:00:00.000Z,1735,17,ST CLAIR AVE W,RUSHTON RD,23 m West of,Major Arterial,Toronto and East York,43.681227,-79.427661,Intersection,Intersection Related,No Control,Clear,Daylight,Dry,Fatal,Pedestrian Collisions,Pedestrian,65 to 69,Fatal,78,South, , , , ,Pedestrian hit at mid-block,"Crossing, no Traffic Control",Had Been Drinking, , , ,Yes, ,Yes, , ,, ,Yes, , , , , ,13,,,94,,423
-79.495136,43.685427,80790886,7003222099,2017,2017-12-18T05:00:00.000Z,1735,17,EGLINTON AVE W,WESTON RD, ,Major Arterial,Etobicoke York,43.685427,-79.495136,Mid-Block,Non Intersection,No Control,Clear,Daylight,Wet,Fatal,Pedestrian Collisions,Pedestrian,85 to 89,Fatal,59,South, , , , ,Pedestrian hit at mid-block,"Crossing, no Traffic Control",Inattentive, , , ,Yes, ,Yes, , ,, , , , , , , ,12,,,115,,424
-79.227596,43.816252,80485919,4003516677,2014,2014-12-19T05:00:00.000Z,1740,17,FINCH AVE E,NEILSON RD, ,Minor Arterial,Scarborough,43.816252,-79.227596,Intersection,At Intersection,Traffic Signal,Clear,Dark,Dry,Fatal,Pedestrian Collisions,Pedestrian,10 to 14,Fatal,48,West, , , , ,Vehicle turns right while ped crosses with ROW at inter.,Other,Other, , , ,Yes, , , , ,, , , ,Yes, , , ,42,,,132,,425
-79.411594,43.651168,80000018,131098349,2013,2013-12-05T05:00:00.000Z,1741,17,DUNDAS ST W,CLAREMONT ST, ,Major Arterial,Toronto and East York,43.651168,-79.411594,Intersection, ,No Control,Clear,"Dark, artificial",Dry,Fatal,Pedestrian Collisions,Pedestrian,90 to 94,Fatal,62,North, , , , ,Pedestrian hit at mid-block,"Crossing, no Traffic Control",Normal, , , ,Yes, ,Yes, , ,, , , , , , , ,14,,,81,,426
-79.436572,43.637053,80485688,4003074555,2014,2014-10-09T04:00:00.000Z,1745,17,KING ST W,JAMESON AVE,14 m West of,Major Arterial,Toronto and East York,43.637053,-79.436572,Mid-Block,Intersection Related,No Control,Clear,Dusk,Dry,Fatal,Pedestrian Collisions,Pedestrian,80 to 84,Fatal,33,North, , , , ,Pedestrian hit at mid-block,"Crossing, no Traffic Control",Inattentive, , , ,Yes, , , ,Yes,, , , , , , , ,14,,,85,,427
-79.44269,43.735545,5319397,1019756,2008,2008-02-08T05:00:00.000Z,1749,17,WILSON AVE,ALLINGHAM GDNS, ,Major Arterial,North York,43.735545,-79.44269,Intersection,At Intersection,Traffic Signal,Rain,Daylight,Wet,Fatal,Pedestrian Collisions,Pedestrian,20 to 24,Fatal,7,South,Other, , , ,Vehicle is going straight thru inter.while ped cross without ROW,Crossing without right of way,"Ability Impaired, Alcohol", , , ,Yes, ,Yes, , ,, ,Yes, , , , , ,32,,,33,,428
-79.383662,43.68439,80875565,8000560882,2018,2018-03-28T04:00:00.000Z,1749,17,MOUNT PLEASANT RD,CARSTOWE RD, ,Major Arterial,Toronto and East York,43.68439,-79.383662,Mid-Block,Non Intersection,No Control,Clear,Daylight,Dry,Fatal,Turning Movement,Motorcycle Driver,35 to 39,Fatal,17,North,Motorcycle,Going Ahead,Improper Passing,Normal, , , , , , , , ,Yes,Yes, ,, , ,Yes,Yes, , , ,53,,,98,,429
-79.232578,43.741534,80975915,8002171142,2018,2018-11-25T05:00:00.000Z,1750,17,BELLAMY RD N,CEDAR BRAE BLVD, ,Minor Arterial,Scarborough,43.741534,-79.232578,Intersection,At Intersection,Stop Sign,Clear,"Dark, artificial",Dry,Fatal,Pedestrian Collisions,Pedestrian,80 to 84,Fatal,62,North, , , , ,Vehicle is going straight thru inter.while ped cross with ROW,Crossing with right of way,Normal, , , ,Yes, ,Yes, , ,, , , ,Yes, , , ,43,,,138,,430
-79.365749,43.655329,80251173,5001640604,2015,2015-09-22T04:00:00.000Z,1751,17,QUEEN ST E,BERKELEY ST,2 m West of,Major Arterial,Toronto and East York,43.655329,-79.365749,Intersection,Intersection Related,No Control,Clear,Daylight,Dry,Fatal,Pedestrian Collisions,Pedestrian,90 to 94,Fatal,52,South, , , , ,Vehicle is going straight thru inter.while ped cross without ROW,Crossing without right of way,Normal, , , ,Yes, ,Yes, , ,, , , , , , , ,51,,,73,,431
-79.437427,43.664706,80485306,6000179020,2016,2016-01-30T05:00:00.000Z,1753,17,DUFFERIN ST,ARMSTRONG AVE, ,Major Arterial,Toronto and East York,43.664706,-79.437427,Intersection, ,No Control,Clear,"Dark, artificial",Dry,Fatal,Pedestrian Collisions,Pedestrian,90 to 94,Fatal,7,West, , , , ,Vehicle is going straight thru inter.while ped cross without ROW,"Crossing, no Traffic Control",Inattentive, , , ,Yes, ,Yes, , ,, , , , , , , ,"11,14",,,93,,432
-79.31159,43.693645,5420532,1064977,2008,2008-10-17T04:00:00.000Z,1755,17,LUMSDEN AVE,GLEDHILL AVE, ,Minor Arterial,Toronto and East York,43.693645,-79.31159,Intersection,At Intersection,Pedestrian Crossover,Clear,Daylight,Dry,Fatal,Pedestrian Collisions,Pedestrian,70 to 74,Fatal,46,South,Other, , , ,Pedestrian hit a PXO/ped. Mid-block signal,"Crossing, Pedestrian Crossover",Normal, , , ,Yes, ,Yes, , ,, , , ,Yes, , , ,54,,,60,,433
-79.39986,43.652541,80000026,141945030,2014,2014-04-23T04:00:00.000Z,1755,17,DUNDAS ST W,KENSINGTON AVE, ,Major Arterial,Toronto and East York,43.652541,-79.39986,Intersection, ,No Control,Clear,"Daylight, artificial",Dry,Fatal,Pedestrian Collisions,Pedestrian,25 to 29,Fatal,7,South, , , , ,Vehicle is going straight thru inter.while ped cross without ROW,"Crossing, no Traffic Control",Inattentive, , , ,Yes, ,Yes, , ,, , , , , , , ,14,,,78,,434
-79.592754,43.711352,80491926,5001891795,2015,2015-11-03T05:00:00.000Z,1755,17,HIGHWAY 27  N,VICE REGENT BLVD, ,Major Arterial,Etobicoke York,43.711352,-79.592754,Intersection,Intersection Related,No Control,Clear,"Dark, artificial",Dry,Fatal,Cyclist Collisions,Cyclist,55 to 59,Fatal,54,East,Bicycle,Going Ahead, , , , , ,"Cyclist without ROW rides into path of motorist at inter, lnwy, dwy-Cyclist not turn.",Other,Unknown, ,Yes,Yes, , ,, , , , , , , ,23,,,1,,435
-79.29229,43.767645,5808432,1136272,2009,2009-11-12T05:00:00.000Z,1759,17,BIRCHMOUNT RD,ROLARK DR, ,Major Arterial,Scarborough,43.767645,-79.29229,Intersection, ,No Control,Clear,Dusk,Dry,Fatal,Pedestrian Collisions,Pedestrian,45 to 49,Fatal,39,West,Other, , , ,Vehicle is going straight thru inter.while ped cross without ROW,"Crossing, no Traffic Control",Inattentive, , , ,Yes, ,Yes, , ,, , , , , , , ,41,,,119,,436
-79.44389,43.789345,6804925,1248931,2011,2011-08-13T04:00:00.000Z,1800,18,28 REGATTA CRES, , ,Local,North York,43.789345,-79.44389,Intersection, ,No Control,Clear,Daylight,Dry,Fatal,Pedestrian Collisions,Pedestrian,75 to 79,Fatal,19,South,Other, , , ,Pedestrian hit at private driveway,On Sidewalk or Shoulder,Unknown, , , ,Yes, ,Yes, , ,, , , , , , , ,32,,,36,,437
-79.217136,43.779742,8000204,143362651,2014,2014-11-24T05:00:00.000Z,1800,18,ELLESMERE RD,MILITARY TRL, ,Major Arterial,Scarborough,43.779742,-79.217136,Intersection,At Intersection,Traffic Signal,Clear,"Dark, artificial",Dry,Fatal,Angle,Driver,25 to 29,Fatal,44,South,"Automobile, Station Wagon",Going Ahead,Disobeyed Traffic Control,"Ability Impaired, Alcohol", , , , , , , , ,Yes, , ,, , , ,Yes,Yes,Yes, ,43,,,135,,438
-79.564426,43.618773,80542280,6000923025,2016,2016-05-28T04:00:00.000Z,1800,18,THE WEST MALL,WESTSIDE DR, ,Minor Arterial,Etobicoke York,43.618773,-79.564426,Mid-Block,Non Intersection,No Control,Clear,Daylight,Dry,Fatal,Approaching,Driver,20 to 24,Fatal,33,South,"Automobile, Station Wagon",Changing Lanes,Lost control,Inattentive, , , , , , , , ,Yes, , ,, ,Yes,Yes,Yes, , , ,22,,,14,,439
-79.443141,43.716181,80975446,8002139374,2018,2018-11-20T05:00:00.000Z,1804,18,665 LAWRENCE AVE W, , ,Expressway,North York,43.716181,-79.443141,Intersection,At Intersection,Traffic Signal,Clear,Dark,Dry,Fatal,Pedestrian Collisions,Pedestrian,55 to 59,Fatal,61,West, , , , ,Pedestrian involved in a collision with transit vehicle anywhere along roadway,Crossing with right of way,Unknown, , , ,Yes, , , , ,, , , ,Yes, , , ,"32,13",,,32,,440
-79.240093,43.788844,7859717,1373856,2013,2013-09-05T04:00:00.000Z,1805,18,MILNER AVE,SCUNTHORPE RD, ,Minor Arterial,Scarborough,43.788844,-79.240093,Intersection, ,Pedestrian Crossover,Clear,Daylight,Dry,Fatal,Pedestrian Collisions,Pedestrian,85 to 89,Fatal,38,South, , , , ,Pedestrian hit a PXO/ped. Mid-block signal,"Crossing, Pedestrian Crossover",Unknown, , , ,Yes, , , ,Yes,, , , ,Yes, , , ,42,,,128,,441
-79.397403,43.651316,80741714,7000659290,2017,2017-04-14T04:00:00.000Z,1805,18,SPADINA AVE,SULLIVAN ST,50 m North,Major Arterial,Toronto and East York,43.651316,-79.397403,Mid-Block,Non Intersection,No Control,Clear,Daylight,Dry,Fatal,Pedestrian Collisions,Pedestrian,65 to 69,Fatal,18,East, , , , ,Pedestrian involved in a collision with transit vehicle anywhere along roadway,"Crossing, no Traffic Control",Had Been Drinking, , , ,Yes, , , , ,, , , , , , , ,"14,52",,,78,,442
-79.315486,43.777014,80485976,4003563376,2014,2014-12-28T05:00:00.000Z,1809,18,SHEPPARD AVE E,BRIDLEWOOD BLVD,37 m West of,Major Arterial,Scarborough,43.777014,-79.315486,Intersection,Non Intersection,No Control,Clear,"Dark, artificial",Dry,Fatal,Pedestrian Collisions,Pedestrian,80 to 84,Fatal,49,South, , , , ,Pedestrian hit at mid-block,"Crossing, no Traffic Control",Inattentive, , , ,Yes, , , ,Yes,, ,Yes, , , , , ,42,,,118,,443
-79.51989,43.756945,6096025,1146660,2010,2010-01-08T05:00:00.000Z,1810,18,FINCH AVE W,YORK GATE BLVD, ,Major Arterial,Etobicoke York,43.756945,-79.51989,Mid-Block,At Intersection,No Control,Clear,Dark,Dry,Fatal,Pedestrian Collisions,Pedestrian,85 to 89,Fatal,9,North,Other, , , ,Pedestrian hit at mid-block,"Crossing, no Traffic Control",Normal, , , ,Yes, ,Yes, , ,, , , , , , , ,31,,,24,,444