X,Y,Index_,ACCNUM,YEAR,DATE,TIME,Hour,STREET1,STREET2,OFFSET,ROAD_CLASS,District,LATITUDE,LONGITUDE,LOCCOORD,ACCLOC,TRAFFCTL,VISIBILITY,LIGHT,RDSFCOND,ACCLASS,IMPACTYPE,INVTYPE,INVAGE,INJURY,FATAL_NO,INITDIR,VEHTYPE,MANOEUVER,DRIVACT,DRIVCOND,PEDTYPE,PEDACT,PEDCOND,CYCLISTYPE,CYCACT,CYCCOND,PEDESTRIAN,CYCLIST,AUTOMOBILE,MOTORCYCLE,TRUCK,TRSN_CITY_VEH,EMERG_VEH,PASSENGER,SPEEDING,AG_DRIV,REDLIGHT,ALCOHOL,DISABILITY,Division,Ward_Name,Ward_ID,Hood_ID,Hood_Name,ObjectId
-79.484439,43.64926,80757191,7001289449,2017,2017-07-18T04:00:00.000Z,1504,15,BLOOR ST W,JANE ST, ,Major Arterial,Toronto and East York,43.64926,-79.484439,Intersection,At Intersection,Traffic Signal,Clear,Daylight,Dry,Fatal,Rear End,Motorcycle Driver,70 to 74,Fatal,31,East,Motorcycle,Going Ahead,Driving Properly,Unknown, , , , , , , , , ,Yes,Yes,, , , , , , , ,11,,,87,,555
-79.41439,43.728645,7516539,1329059,2012,2012-12-03T05:00:00.000Z,1507,15,ELM RD,FAIRLAWN AVE, ,Collector,North York,43.728645,-79.41439,Intersection,At Intersection,Stop Sign,Clear,Daylight,Dry,Fatal,Pedestrian Collisions,Pedestrian,85 to 89,Fatal,41,East,Other, , , ,Vehicle is going straight thru inter.while ped cross with ROW,Crossing with right of way,Normal, , , ,Yes, ,Yes, , ,, , , ,Yes, , , ,32,,,105,,556
-79.508113,43.719008,80875568,8000662467,2018,2018-04-13T04:00:00.000Z,1512,15,JANE ST,BEVERLY HILLS DR, ,Major Arterial,North York,43.719008,-79.508113,Intersection,At Intersection,Traffic Signal, ,Daylight, ,Fatal,Pedestrian Collisions,Pedestrian,40 to 44,Fatal,19,South, , , , ,Vehicle turns left while ped crosses with ROW at inter.,Crossing with right of way,Normal, , , ,Yes, ,Yes, , ,, , ,Yes,Yes, , , ,31,,,26,,557
-79.302089,43.723372,80221527,4003192512,2014,2014-10-28T04:00:00.000Z,1515,15,VICTORIA PARK AVE,O CONNOR DR, ,Major Arterial,Scarborough,43.723372,-79.302089,Intersection,Intersection Related,Traffic Signal,Other,Daylight,Dry,Fatal,Cyclist Collisions,Cyclist,70 to 74,Fatal,36,South,Bicycle,Going Ahead, , , , , ,Motorist turning right on green or amber at signalized intersection strikes cyclist.,Other,Other, ,Yes,Yes, , ,, , , , , , , ,"54,41",,,120,,558
-79.500606,43.621562,80000073,5000260881,2015,2015-02-13T05:00:00.000Z,1516,15,ROYAL YORK RD,MANITOBA ST, ,Minor Arterial,Etobicoke York,43.621562,-79.500606,Intersection, ,No Control,Other,Daylight,Other,Fatal,Other,Passenger,75 to 79,Fatal,5, , , , , , , , , , , , , , , , ,, ,Yes, , , , , ,22,,,17,,559
-79.52879,43.626245,7845040,1367518,2013,2013-07-22T04:00:00.000Z,1519,15,KIPLING AVE,JUTLAND RD, ,Major Arterial,Etobicoke York,43.626245,-79.52879,Intersection,At Intersection,Stop Sign,Clear,Daylight,Dry,Fatal,Turning Movement,Motorcycle Driver,20 to 24,Fatal,23,North,Motorcycle,Going Ahead,Driving Properly,Normal, , , , , , , , ,Yes,Yes, ,, , , ,Yes, , , ,22,,,14,,560
-79.34499,43.736845,7527468,1298038,2012,2012-06-08T04:00:00.000Z,1520,15,LAWRENCE AVE E,KARL FRASER  RD, ,Major Arterial,North York,43.736845,-79.34499,Intersection, ,No Control,Clear,Daylight,Dry,Fatal,Turning Movement,Motorcycle Driver,40 to 44,Fatal,17,East,Motorcycle,Going Ahead,Driving Properly,Normal, , , , , , , , ,Yes,Yes, ,, , , ,Yes, , , ,33,,,42,,561
-79.488223,43.727904,80793625,8000090859,2018,2018-01-15T05:00:00.000Z,1520,15,23 IANHALL RD, , ,Local,North York,43.727904,-79.488223,Mid-Block,Non Intersection,No Control,Snow,Daylight,Loose Snow,Fatal,Pedestrian Collisions,Pedestrian,5 to 9,Fatal,7,Unknown, , , , ,Pedestrian hit at mid-block,Person Getting on/off Vehicle,Normal, , , ,Yes, ,Yes, , ,, , , , , , , ,31,,,26,,562
-79.424747,43.796965,80000012,131031283,2013,2013-11-24T05:00:00.000Z,1521,15,100 STEELES AVE W, , ,Major Arterial,North York,43.796965,-79.424747,Intersection, ,Traffic Signal,Clear,"Dark, artificial",Dry,Fatal,Pedestrian Collisions,Pedestrian,40 to 44,Fatal,56,South, , , , ,Vehicle turns right while ped crosses with ROW at inter.,Crossing with right of way,Normal, , , ,Yes, ,Yes, , ,, , , ,Yes, , , ,32,,,36,,563
-79.270885,43.687686,80790892,7003241293,2017,2017-12-21T05:00:00.000Z,1528,15,KINGSTON RD,WARDEN AVE, ,Major Arterial,Scarborough,43.687686,-79.270885,Intersection,At Intersection,Traffic Signal,Other,Daylight,Other,Fatal,Pedestrian Collisions,Pedestrian,40 to 44,Fatal,62,South, , , , ,Vehicle is going straight thru inter.while ped cross with ROW,Crossing with right of way,Unknown, , , ,Yes, ,Yes, , ,, , ,Yes,Yes,Yes,Yes, ,41,,,122,,564
-79.53559,43.726445,5329697,1024623,2008,2008-02-29T05:00:00.000Z,1530,15,WESTON RD,STARVIEW LANE, ,Major Arterial,Etobicoke York,43.726445,-79.53559,Intersection, ,No Control,Snow,Daylight,Slush,Fatal,Approaching,Passenger,30 to 34,Fatal,10, ,Other, , , , , , , , , , , ,Yes, ,Yes,, ,Yes,Yes,Yes, , , ,31,,,23,,565
-79.53559,43.726445,5329698,1024623,2008,2008-02-29T05:00:00.000Z,1530,15,WESTON RD,STARVIEW LANE, ,Major Arterial,Etobicoke York,43.726445,-79.53559,Intersection, ,No Control,Snow,Daylight,Slush,Fatal,Approaching,Driver,55 to 59,Fatal,9,North,"Automobile, Station Wagon",Going Ahead,Speed too Fast For Condition,Normal, , , , , , , , ,Yes, ,Yes,, ,Yes,Yes,Yes, , , ,31,,,23,,566
-79.17908,43.793753,80741749,7000701050,2017,2017-04-21T04:00:00.000Z,1530,15,HALFMOON SQ,CANMORE BLVD,north of,Collector,Scarborough,43.793753,-79.17908,Intersection,Intersection Related,No Control,Clear,"Daylight, artificial",Dry,Fatal,Pedestrian Collisions,Pedestrian,5 to 9,Fatal,19,East, , , , ,Vehicle hits the pedestrian walking or running out from between parked vehicles at mid-block,Running onto Roadway,Inattentive, , , ,Yes, ,Yes, , ,, , , , , , , ,43,,,134,,567
-79.306857,43.818522,80793697,8000370625,2018,2018-02-27T05:00:00.000Z,1530,15,CANONGATE TRL,OCKWELL MANOR  DR, ,Collector,Scarborough,43.818522,-79.306857,Intersection,At Intersection,No Control,Clear,Daylight,Dry,Fatal,Pedestrian Collisions,Pedestrian,10 to 14,Fatal,13,East, , , , ,Vehicle is going straight thru inter.while ped cross without ROW,Crossing without right of way,Normal, , , ,Yes, ,Yes, , ,, , , , , , , ,42,,,116,,568
-79.606792,43.730746,7856191,1372377,2013,2013-08-27T04:00:00.000Z,1533,15,HUMBER COLLEGE Blvd,WINDWOOD Dr, ,Minor Arterial,Etobicoke York,43.730746,-79.606792,Mid-Block, ,Pedestrian Crossover,Clear,Daylight,Dry,Fatal,Pedestrian Collisions,Pedestrian,55 to 59,Fatal,35,South, , , , ,Pedestrian hit a PXO/ped. Mid-block signal,"Crossing, Pedestrian Crossover",Normal, , , ,Yes, ,Yes, , ,, , ,Yes,Yes, , , ,23,,,1,,569
-79.471744,43.652056,80681701,7000416403,2017,2017-03-07T05:00:00.000Z,1538,15,BLOOR ST W,KENNEDY PARK RD,8.6 m East of,Major Arterial,Toronto and East York,43.652056,-79.471744,Intersection,Intersection Related,No Control,Clear,Daylight,Dry,Fatal,Approaching,Passenger,35 to 39,Fatal,10, ,"Automobile, Station Wagon", , , , , , , , , , , ,Yes, , ,, ,Yes,Yes,Yes, , , ,11,,,87,,570
-79.28489,43.800545,6672317,1252379,2011,2011-09-01T04:00:00.000Z,1540,15,MIDLAND AVE,BAYLAWN DR, ,Major Arterial,Scarborough,43.800545,-79.28489,Mid-Block, ,No Control,Clear,Daylight,Dry,Fatal,SMV Other,Driver,35 to 39,Fatal,23,South,"Automobile, Station Wagon",Going Ahead,Lost control,Unknown, , , , , , , , ,Yes, , ,, , ,Yes,Yes, , , ,42,,,129,,571
-79.25159,43.703646,7792626,1345175,2013,2013-03-07T05:00:00.000Z,1545,15,CLIFFSIDE DR,EAST HAVEN DR, ,Collector,Scarborough,43.703646,-79.25159,Intersection, ,Stop Sign,Clear,Daylight,Wet,Fatal,Pedestrian Collisions,Pedestrian,5 to 9,Fatal,6,West, , , , ,Vehicle turns left while ped crosses with ROW at inter.,Crossing with right of way,Normal, , , ,Yes, , , ,Yes,, , , ,Yes, , , ,41,,,122,,572
-79.244487,43.748545,7857845,1373040,2013,2013-08-30T04:00:00.000Z,1545,15,DANFORTH RD,BARDSEA CRT, ,Major Arterial,Scarborough,43.748545,-79.244487,Intersection,At Intersection,Stop Sign,Clear,Daylight,Dry,Fatal,Turning Movement,Motorcycle Driver,45 to 49,Fatal,36,North,Motorcycle,Changing Lanes,Improper Lane Change,Normal, , , , , , , , ,Yes,Yes,Yes,, , ,Yes,Yes, , , ,43,,,127,,573
-79.60669,43.733745,5247781,1108193,2009,2009-06-05T04:00:00.000Z,1547,15,FINCH AVE W,HALESIA DR, ,Major Arterial,Etobicoke York,43.733745,-79.60669,Intersection,At Intersection,Traffic Signal,Clear,Daylight,Dry,Fatal,Turning Movement,Motorcycle Driver,35 to 39,Fatal,15,East,Motorcycle,Slowing or Stopping,Lost control,Unknown, , , , , , , , ,Yes,Yes, ,, , , ,Yes, , , ,23,,,1,,574
-79.349178,43.641406,80566372,6001911469,2016,2016-10-27T04:00:00.000Z,1549,15,CHERRY ST,POLSON ST, ,Collector,Toronto and East York,43.641406,-79.349178,Mid-Block,Overpass or Bridge,No Control,Rain,Daylight,Wet,Fatal,SMV Other,Driver,50 to 54,Fatal,66,North,"Automobile, Station Wagon",Going Ahead,Lost control,Unknown, , , , , , , , ,Yes, , ,, , ,Yes,Yes, , , ,"00,51",,,70,,575
-79.350383,43.718589,80949484,8001512528,2018,2018-08-16T04:00:00.000Z,1555,15,LESLIE ST,EGLINTON AVE E, ,Major Arterial,North York,43.718589,-79.350383,Intersection,Intersection Related,Stop Sign,Clear,Daylight,Dry,Fatal,Turning Movement,Driver,85 to 89,Fatal,43,East,Passenger Van,Turning Left,Improper Turn,Inattentive, , , , , , , , ,Yes, ,Yes,, , , , , , , ,33,,,42,,576
-79.280689,43.729346,7777325,1336921,2013,2013-01-23T05:00:00.000Z,1556,15,EGLINTON AVE E,SINNOTT RD, ,Major Arterial,Scarborough,43.729346,-79.280689,Intersection,At Intersection,Traffic Signal,Clear,Daylight,Dry,Fatal,Pedestrian Collisions,Pedestrian,45 to 49,Fatal,2,North, , , , ,Pedestrian involved in a collision with transit vehicle anywhere along roadway,Crossing with right of way,Normal, , , ,Yes, , , , ,, , , ,Yes,Yes, , ,41,,,120,,577
-79.567218,43.63444,80000015,13999959,2013,2013-11-30T05:00:00.000Z,1556,15,BLOOR ST W,NEILSON DR, ,Major Arterial,Etobicoke York,43.63444,-79.567218,Intersection, ,Traffic Signal,Other,Daylight,Other,Fatal,Turning Movement,Driver,30 to 34,Fatal,59,West,"Automobile, Station Wagon",Going Ahead,Driving Properly,Unknown, , , , , , , , ,Yes, , ,, , , , , , , ,22,,,12,,578
-79.458881,43.637709,80941373,8000877104,2018,2018-05-15T04:00:00.000Z,1558,15,LAKE SHORE BV W,COLBORNE LODGE DR, ,Major Arterial,Toronto and East York,43.637709,-79.458881,Intersection,At Intersection,Traffic Signal,Clear,Daylight,Dry,Fatal,Cyclist Collisions,Cyclist,35 to 39,Fatal,30,South,Bicycle,Going Ahead, , , , , ,"Motorist without ROW drives into path of cyclist at inter, lnwy, dwy-Driver not turn.",Driving Properly,Normal, ,Yes,Yes, , ,, , , ,Yes,Yes, , ,11,,,85,,579
-79.369693,43.663325,80951126,8001751421,2018,2018-09-21T04:00:00.000Z,1600,16,NUTHATCH LANE,DOCTOR O LANE, ,Laneway,Toronto and East York,43.663325,-79.369693,Intersection,Intersection Related,No Control,Clear,Daylight,Dry,Fatal,Pedestrian Collisions,Pedestrian,55 to 59,Fatal,48,Unknown, , , , ,Unknown,Other,"Ability Impaired, Alcohol", , , ,Yes, ,Yes, , ,, , , , , , , ,51,,,73,,580
-79.451724,43.700686,80971684,8001744519,2018,2018-09-20T04:00:00.000Z,1600,16,DUFFERIN ST,CASTLEFIELD AVE, ,Major Arterial,North York,43.700686,-79.451724,Intersection,At Intersection,Traffic Signal,Clear,Daylight,Dry,Fatal,Pedestrian Collisions,Pedestrian,90 to 94,Fatal,55,North, , , , ,Vehicle is going straight thru inter.while ped cross without ROW,Crossing without right of way,Inattentive, , , ,Yes, ,Yes, , ,, , , , , , , ,13,,,108,,581
-79.48479,43.680644,7847191,1368450,2013,2013-07-29T04:00:00.000Z,1604,16,LANGDEN AVE,CLIFF ST, ,Local,Etobicoke York,43.680644,-79.48479,Intersection, ,No Control,Clear,Daylight,Dry,Fatal,Pedestrian Collisions,Pedestrian,65 to 69,Fatal,29,Unknown, , , , ,Vehicle is reversing and hits pedestrian,Other,Normal, , , ,Yes, ,Yes, , ,, , , , , , , ,12,,,111,,582
-79.53139,43.604745,6112331,1155407,2010,2010-03-02T05:00:00.000Z,1605,16,HORNER AVE,EDILOU DR, ,Minor Arterial,Etobicoke York,43.604745,-79.53139,Intersection, ,No Control,Clear,Daylight,Dry,Fatal,Pedestrian Collisions,Pedestrian,55 to 59,Fatal,13,South,Other, , , ,Pedestrian hit at mid-block,"Crossing, no Traffic Control",Unknown, , , ,Yes, , , ,Yes,, , , , , , , ,22,,,20,,583
-79.24007,43.793505,80756969,7001052989,2017,2017-06-13T04:00:00.000Z,1606,16,5085 SHEPPARD AVE E, , ,Major Arterial,Scarborough,43.793505,-79.24007,Mid-Block,Non Intersection,No Control,Clear,Daylight,Dry,Fatal,Turning Movement,Passenger,0 to 4,Fatal,27, , , , , , , , , , , , , ,Yes, , ,, ,Yes, , , , , ,42,,,128,,584
-79.468509,43.672331,80000049,143015764,2014,2014-09-30T04:00:00.000Z,1608,16,ST CLAIR AVE W,KEELE ST, ,Major Arterial,Etobicoke York,43.672331,-79.468509,Mid-Block, ,No Control,Clear,Daylight,Dry,Fatal,Pedestrian Collisions,Pedestrian,70 to 74,Fatal,30,North, , , , ,Pedestrian involved in a collision with transit vehicle anywhere along roadway,"Crossing, no Traffic Control",Unknown, , , ,Yes, , , , ,, , , , , , , ,"12,11",,,90,,585
-79.54239,43.752045,5198135,1085959,2009,2009-02-02T05:00:00.000Z,1610,16,FINCH AVE W,WESTON RD, ,Major Arterial,Etobicoke York,43.752045,-79.54239,Intersection,At Intersection,Traffic Signal,Clear,Daylight,Dry,Fatal,Pedestrian Collisions,Pedestrian,90 to 94,Fatal,3,North,Other, , , ,Vehicle turns left while ped crosses with ROW at inter.,Crossing with right of way,Medical or Physical Disability, , , ,Yes, , , ,Yes,, , , ,Yes, , , ,31,,,22,,586
-79.368121,43.704775,80000033,142510103,2014,2014-07-16T04:00:00.000Z,1615,16,MCRAE DR,MILLWOOD RD, ,Collector,North York,43.704775,-79.368121,Intersection,At Intersection,Traffic Signal,Clear,Daylight,Dry,Fatal,Pedestrian Collisions,Pedestrian,5 to 9,Fatal,14,West, , , , ,Vehicle turns right while ped crosses with ROW at inter.,Crossing with right of way,Normal, , , ,Yes, ,Yes, , ,, , , ,Yes, , , ,53,,,56,,587
-79.416683,43.784381,80000038,142655086,2014,2014-08-07T04:00:00.000Z,1618,16,5800 YONGE ST, , ,Major Arterial,North York,43.784381,-79.416683,Intersection,At Intersection,Traffic Signal,Clear,Daylight,Dry,Fatal,Pedestrian Collisions,Pedestrian,40 to 44,Fatal,19,South, , , , ,Pedestrian hit on sidewalk or shoulder,On Sidewalk or Shoulder,Unknown, , , ,Yes, ,Yes, , ,, ,Yes, ,Yes,Yes, , ,32,,,50,,588
-79.55511,43.725997,80000050,143022510,2014,2014-10-01T04:00:00.000Z,1620,16,35 IRWIN RD, , ,Local,Etobicoke York,43.725997,-79.55511,Mid-Block, ,No Control,Clear,Daylight,Wet,Fatal,SMV Other,Motorcycle Driver,20 to 24,Fatal,31,East,Motorcycle,Going Ahead,Lost control,Unknown, , , , , , , , , ,Yes, ,, , ,Yes,Yes, , , ,23,,,5,,589
-79.21259,43.790545,7447394,1307861,2012,2012-07-30T04:00:00.000Z,1623,16,NEILSON RD,OAKMEADOW BLVD, ,Minor Arterial,Scarborough,43.790545,-79.21259,Mid-Block, ,No Control,Clear,Daylight,Dry,Fatal,SMV Other,Driver,55 to 59,Fatal,23,South,"Automobile, Station Wagon",Going Ahead,Lost control,Unknown, , , , , , , , ,Yes, , ,, , , , , , , ,43,,,135,,590
-79.501659,43.768195,80782624,7001794171,2017,2017-10-03T04:00:00.000Z,1623,16,SENTINEL RD,ASSINIBOINE RD,15 m South of,Minor Arterial,Etobicoke York,43.768195,-79.501659,Intersection,At Intersection,No Control,Clear,Daylight,Dry,Fatal,Pedestrian Collisions,Pedestrian,20 to 24,Fatal,47,East, , , , ,Pedestrian hit at mid-block,"Crossing, no Traffic Control",Unknown, , , ,Yes, ,Yes, , ,, , , , , , , ,31,,,27,,591
-79.325069,43.705802,7886327,1385276,2013,2013-11-03T04:00:00.000Z,1625,16,18 LONGSPUR RD, , ,Collector,Toronto and East York,43.705802,-79.325069,Intersection, ,No Control,Clear,Daylight,Dry,Fatal,Pedestrian Collisions,Pedestrian,85 to 89,Fatal,55,West,Other, , , ,Vehicle is reversing and hits pedestrian,Other,Normal, , , ,Yes, ,Yes, , ,, , , , , , , ,54,,,54,,592
-79.489391,43.676943,7559564,1311464,2012,2012-08-23T04:00:00.000Z,1627,16,ALLIANCE AVE,ROCKCLIFFE BLVD, ,Collector,Etobicoke York,43.676943,-79.489391,Intersection,At Intersection,Traffic Signal,Clear,Daylight,Dry,Fatal,Angle,Motorcycle Driver,40 to 44,Fatal,26,North,Motorcycle,Going Ahead,Disobeyed Traffic Control,Unknown, , , , , , , , ,Yes,Yes, ,, ,Yes, ,Yes,Yes, , ,12,,,111,,593
-79.38629,43.645845,6139522,1167187,2010,2010-05-06T04:00:00.000Z,1630,16,WELLINGTON ST W,SIMCOE ST, ,Minor Arterial,Toronto and East York,43.645845,-79.38629,Mid-Block, ,No Control,Clear,Daylight,Dry,Fatal,Angle,Passenger,80 to 84,Fatal,17, ,Other, , , , , , , , , , , ,Yes, , ,, ,Yes, ,Yes, , , ,52,,,77,,594
-79.269771,43.711009,80784507,7001762491,2017,2017-09-28T04:00:00.000Z,1630,16,BIRCHMOUNT RD,ZENITH DR, ,Minor Arterial,Scarborough,43.711009,-79.269771,Intersection,Intersection Related,No Control,Clear,Daylight,Dry,Fatal,Pedestrian Collisions,Pedestrian,55 to 59,Fatal,45,Unknown, , , , ,Pedestrian hit on sidewalk or shoulder,On Sidewalk or Shoulder,Normal, , , ,Yes, ,Yes, , ,, ,Yes,Yes,Yes, ,Yes, ,41,,,120,,595
-79.497989,43.602343,7864814,1376061,2013,2013-09-18T04:00:00.000Z,1634,16,LAKE SHORE BLVD W,DWIGHT AVE, ,Major Arterial,Etobicoke York,43.602343,-79.497989,Intersection, ,No Control,Clear,Daylight,Dry,Fatal,Cyclist Collisions,Cyclist,50 to 54,Fatal,41,West,Bicycle,Unknown, , , , , ,"Cyclist without ROW rides into path of motorist at inter, lnwy, dwy-Cyclist not turn.",Lost control,Unknown, ,Yes,Yes, , ,, ,Yes, , , , , ,22,,,18,,596
-79.302089,43.723372,80000042,142740894,2014,2014-08-20T04:00:00.000Z,1639,16,VICTORIA PARK AVE,O CONNOR DR, ,Major Arterial,Scarborough,43.723372,-79.302089,Intersection,At Intersection,Traffic Signal,Clear,Daylight,Dry,Fatal,Pedestrian Collisions,Pedestrian,75 to 79,Fatal,23,East, , , , ,Vehicle turns left while ped crosses with ROW at inter.,Crossing with right of way,Normal, , , ,Yes, ,Yes, , ,, , , ,Yes, , , ,"54,41",,,120,,597
-79.243068,43.81296,80000076,5000374256,2015,2015-03-04T05:00:00.000Z,1639,16,FINCH AVE E,MARKHAM RD, ,Major Arterial,Scarborough,43.81296,-79.243068,Intersection,At Intersection,Traffic Signal,Clear,Daylight,Dry,Fatal,Pedestrian Collisions,Pedestrian,60 to 64,Fatal,8,Unknown, , , , ,Vehicle turns right while ped crosses with ROW at inter.,Crossing with right of way,Normal, , , ,Yes, , , ,Yes,, , , ,Yes, , , ,42,,,132,,598
-79.4192,43.794638,80234707,5000518760,2015,2015-03-19T04:00:00.000Z,1645,16,6212 YONGE ST, , ,Major Arterial,North York,43.794638,-79.4192,Mid-Block,At/Near Private Drive,No Control,Clear,Daylight,Dry,Fatal,Pedestrian Collisions,Pedestrian,80 to 84,Fatal,16,North, , , , ,Pedestrian hit at private driveway,On Sidewalk or Shoulder,Normal, , , ,Yes, ,Yes, , ,, , , ,Yes, , , ,32,,,50,,599
-79.440891,43.765391,80793691,8000324266,2018,2018-02-20T05:00:00.000Z,1645,16,BATHURST ST,ELLERSLIE AVE, ,Major Arterial,North York,43.765391,-79.440891,Intersection,At Intersection,Traffic Signal,Rain,Daylight,Wet,Fatal,Pedestrian Collisions,Pedestrian,65 to 69,Fatal,11,West, , , , ,Vehicle turns left while ped crosses with ROW at inter.,Crossing with right of way,Normal, , , ,Yes, , , ,Yes,, , , ,Yes, , , ,32,,,37,,600
-79.350871,43.75495,80000024,141603063,2014,2014-02-26T05:00:00.000Z,1646,16,YORK MILLS RD,UPJOHN RD, ,Major Arterial,North York,43.75495,-79.350871,Intersection, ,No Control,Clear,Daylight,Dry,Fatal,Turning Movement,Driver,80 to 84,Fatal,5,East,"Automobile, Station Wagon",Going Ahead,Driving Properly,Normal, , , , , , , , ,Yes, , ,, ,Yes, ,Yes, , , ,33,,,42,,601
-79.49119,43.665745,6279258,1177531,2010,2010-07-16T04:00:00.000Z,1647,16,JANE ST,DUNDAS ST W, ,Major Arterial,Toronto and East York,43.665745,-79.49119,Intersection,At Intersection,Traffic Signal,Clear,Daylight,Dry,Fatal,Turning Movement,Passenger,85 to 89,Fatal,25, ,Other, , , , , , , , , , , ,Yes, , ,, ,Yes,Yes,Yes, , , ,11,,,89,,602
-79.49119,43.665745,6279259,1177531,2010,2010-07-16T04:00:00.000Z,1647,16,JANE ST,DUNDAS ST W, ,Major Arterial,Toronto and East York,43.665745,-79.49119,Intersection,At Intersection,Traffic Signal,Clear,Daylight,Dry,Fatal,Turning Movement,Passenger,90 to 94,Fatal,24, ,Other, , , , , , , , , , , ,Yes, , ,, ,Yes,Yes,Yes, , , ,11,,,89,,603
-79.58019,43.683645,5410250,1060516,2008,2008-09-23T04:00:00.000Z,1652,16,HIGHWAY 27  S,DIXON RD, ,Major Arterial,Etobicoke York,43.683645,-79.58019,Mid-Block, ,No Control,Clear,Daylight,Wet,Fatal,Approaching,Driver,25 to 29,Fatal,41,North,"Automobile, Station Wagon",Pulling Away from Shoulder or Curb,Lost control,Unknown, , , , , , , , ,Yes, ,Yes,, , , , , , , ,23,,,1,,604
-79.448695,43.76113,80488918,5001534311,2015,2015-09-05T04:00:00.000Z,1652,16,MAXWELL ST,HOVE ST,40 m South of,Local,North York,43.76113,-79.448695,Intersection,Non Intersection,No Control,Clear,Daylight,Dry,Fatal,SMV Other,Passenger,90 to 94,Fatal,45, , , , , , , , , , , , , ,Yes, , ,, ,Yes, , , , , ,32,,,34,,605
-79.257442,43.720404,80000091,5000212905,2015,2015-02-05T05:00:00.000Z,1701,17,750 DANFORTH RD, , ,Major Arterial,Scarborough,43.720404,-79.257442,Mid-Block, ,No Control,Clear,"Daylight, artificial",Wet,Fatal,Pedestrian Collisions,Pedestrian,85 to 89,Fatal,4,North, , , , ,Pedestrian hit at mid-block,"Crossing, no Traffic Control",Unknown, , , ,Yes, ,Yes, , ,, , ,Yes,Yes, , , ,41,,,124,,606
-79.42059,43.737545,5307417,1013236,2008,2008-01-07T05:00:00.000Z,1702,17,AVENUE RD,CARMICHAEL AVE, ,Major Arterial,North York,43.737545,-79.42059,Intersection,At Intersection,Traffic Signal,Clear,Dark,Wet,Fatal,Pedestrian Collisions,Pedestrian,70 to 74,Fatal,3,West,Other, , , ,Vehicle turns left while ped crosses with ROW at inter.,Crossing with right of way,Normal, , , ,Yes, ,Yes, , ,, , , , , , , ,32,,,39,,607
-79.46439,43.664945,5792457,1109820,2009,2009-06-17T04:00:00.000Z,1708,17,KEELE ST,DUNDAS ST W, ,Major Arterial,Toronto and East York,43.664945,-79.46439,Mid-Block, ,No Control,Rain,Daylight,Wet,Fatal,Pedestrian Collisions,Pedestrian,85 to 89,Fatal,16,Unknown,Other, , , ,Pedestrian hit at mid-block,Other,Normal, , , ,Yes, , , ,Yes,, , , , , , , ,11,,,90,,608
-79.504077,43.600909,80950559,8001685122,2018,2018-09-11T04:00:00.000Z,1708,17,LAKE SHORE BLVD W,SIXTH ST, ,Major Arterial,Etobicoke York,43.600909,-79.504077,Intersection,Non Intersection,No Control,Clear,Daylight,Dry,Fatal,Pedestrian Collisions,Pedestrian,70 to 74,Fatal,45,North,Other, , , ,Vehicle is going straight thru inter.while ped cross without ROW,"Crossing, no Traffic Control",Inattentive, , , ,Yes, ,Yes, , ,, , , , , , , ,22,,,18,,609
-79.219142,43.743716,80493007,5001980850,2015,2015-11-18T05:00:00.000Z,1710,17,MARKHAM RD,EGLINTON AVE E,55 m North of,Major Arterial,Scarborough,43.743716,-79.219142,Mid-Block,Non Intersection,No Control,Rain,"Dark, artificial",Wet,Fatal,Pedestrian Collisions,Pedestrian,45 to 49,Fatal,56,East, , , , ,Pedestrian hit at mid-block,"Crossing, no Traffic Control",Inattentive, , , ,Yes, ,Yes, , ,, , , , , , , ,43,,,139,,610